sentence,principle,oEffect,oReact,oWant,xAttr,xEffect,xIntent,xNeed,xReact,xWant
there are two boys.,politeness,none,none,none,young,none,none,none,happy,to grow up
one boy is frowning the other is shrugging.,politeness,none,none,none,annoyed,none,none,none,annoyed,to be left alone
there is a big window behind them.,politeness,none,none,none,curious,none,none,none,happy,to get a better view
they are in a classroom.,politeness,none,none,none,curious,learns something,to learn,to go to class,interested,to learn
there is a orange bookbag on the desk.,politeness,none,none,none,lazy,none,none,none,happy,to read
