sentence,principle,oEffect,oReact,oWant,xAttr,xEffect,xIntent,xNeed,xReact,xWant
"there are two boys , they are standing in front of a salad bar.",politeness,none,none,none,young,gets thirsty,to eat,to go to the bar,happy,to eat
"the first boy is wearing crutches , the second boy is leaning against him towards the salad.",politeness,none,none,none,weak,gets hurt,to be polite,to be walking,sad,to get a drink
the second boy is smilinghe is putting salad on his plate.,politeness,none,none,none,hungry,gets dirty,to eat,to be hungry,full,to eat
the first boy is wobbling.,politeness,none,none,none,clumsy,none,none,none,sad,to get a job
the second boy is cutting the first boy in line.,politeness,none,sad,to get away,aggressive,gets arrested,to be a leader,to be a teacher,happy,to get the first boy out of line
the boy with the crutches is frowning.,politeness,none,none,none,sad,none,none,none,sad,to get better
the boy is trying to keep his balance.,politeness,none,none,none,nervous,gets hurt,to be safe,none,nervous,to get up
the boy at the salad bar is smiling.,politeness,none,none,none,happy,none,none,none,happy,to eat
"there salad bar has greens , fruits , and salad accessories.",politeness,none,none,none,hungry,none,to eat,none,satisfied,to eat
