sentence,principle,oEffect,oReact,oWant,xAttr,xEffect,xIntent,xNeed,xReact,xWant
there is a boy he is sitting on a bed.,politeness,none,none,none,young,gets dirty,none,none,happy,to sleep
in his lap is an open book.,politeness,none,none,none,open,none,none,none,happy,to read
the boy is frowning.,politeness,none,none,none,annoyed,none,none,none,annoyed,to get away from the boy
and looking at something to his right.,politeness,none,none,none,curious,sees something,to see something,none,curious,to see what it is
the boy has a lamp on.,politeness,none,none,none,bright,none,to be able to see,none,happy,to read
the boy s bed is messy.,politeness,none,none,none,messy,gets dirty,none,none,dirty,to clean up
there is a baseball on the floor next to the bed.,politeness,none,none,none,athletic,gets dirty,none,to be playing baseball,tired,to sleep
there is a baseball cap hanging from the bed rail.,politeness,none,none,none,lazy,gets yelled at,none,to get up,happy,to get up
