sentence,principle,oEffect,oReact,oWant,xAttr,xEffect,xIntent,xNeed,xReact,xWant
there are two boys.,respect,none,none,none,young,none,none,none,happy,to grow up
they are standing in front of the garage playing basketball.,respect,none,none,none,athletic,gets exercise,to have fun,to go to the garage,happy,to win the game
the first boy is looking down at his watch.,respect,none,none,none,curious,none,to know the time,none,happy,to go to the store
the second boy is holding the basketball and looking at the first boy.,respect,none,none,to play,interested,gets sweaty,to be a good player,to be playing basketball,happy,to play
the boys are smiling.,respect,none,none,none,friendly,none,none,none,happy,to be happy
the basketball goal is on the roof.,respect,none,none,none,athletic,gets sweaty,to win the game,to be playing,happy,to win the game
the basketball the boy is holding is orange.,respect,none,none,none,athletic,gets dirty,to play basketball,to be playing basketball,happy,to play basketball
it is sunny outside.,respect,none,none,none,relaxed,gets sunburnt,none,none,happy,to go outside
