sentence,principle,oEffect,oReact,oWant,xAttr,xEffect,xIntent,xNeed,xReact,xWant
there are two boys and one girl.,friendliness,none,none,none,young,none,none,none,happy,to have a baby
the first boy is sitting at a desk in front of a computer.,friendliness,none,none,none,nerdy,gets yelled at,to be in the front of the class,to walk to the desk,bored,to get up
he is smiling an typing something on the keys.,friendliness,none,none,none,studious,none,to be productive,none,happy,to finish typing
the second boy is frowning.,friendliness,none,none,none,annoyed,none,none,none,annoyed,to get away from the boy
he has one hand raised and the other pointed at the computer screen.,friendliness,none,none,none,mean,gets yelled at,to be a good student,none,happy,to play video games
the girl is also frowning with her hands on her hips.,friendliness,none,none,none,mean,none,none,none,annoyed,to get away from the situation
