sentence,principle,oEffect,oReact,oWant,xAttr,xEffect,xIntent,xNeed,xReact,xWant
there are two boys and one girl.,caution,none,none,none,young,none,none,none,happy,to have a baby
they are walking single file with sleds trailing behind them.,caution,none,none,none,lonely,none,none,none,lonely,to get to the bottom
"they are dressed in coats , hats , gloves and scarves.",caution,none,none,none,cold,none,to be warm,none,cold,to go outside
snow surrounds them and bare trees branch out behind them.,caution,none,none,none,brave,none,none,none,happy,to make a path
the first boy looking down at a set of tracks in the snow and is pointing to.,caution,none,none,none,curious,none,to find the tracks,none,curious,to find the next set
the boy in the front has his mouth wide open.,caution,none,none,none,careless,gets bitten,to be rude,none,silly,to eat
the girl is smiling.,caution,none,happy,none,friendly,none,none,none,happy,to kiss her
everyone has a sled trailing behind them.,caution,none,none,none,athletic,gets tired,none,to have a sled,happy,to get to the destination
