sentence,principle,oEffect,oReact,oWant,xAttr,xEffect,xIntent,xNeed,xReact,xWant
there is a boy and his dad.,respect,none,none,none,young,none,none,none,happy,to grow up
the father is standing at a distance with a frown on his face and his hands on.,respect,none,none,none,sad,none,none,none,sad,to walk away
the boy is standing by a table pointing to the glove on his other hand.,respect,none,none,none,curious,none,to be helpful,none,happy,to get the glove back
the boy is saying something to the father and frowning.,respect,none,annoyed,to listen to personx,mean,gets scolded,to be heard,none,nervous,to get father 's attention
there is a bookbag on the table.,respect,none,none,none,a bookbag,none,to be a bookbag,none,happy,to read
the glove on his hand is black.,respect,none,none,none,mean,gets hurt,none,none,ashamed,to hide the glove
the dad s eyebrow is raised.,respect,none,none,none,curious,none,none,none,curious,to ask questions
