sentence,principle,oEffect,oReact,oWant,xAttr,xEffect,xIntent,xNeed,xReact,xWant
there are two boys standing by a frozen pond.,caution,none,none,none,scared,gets cold,none,none,scared,to get out of the cold
there is snow falling to the ground.,caution,none,none,none,cold,gets cold,none,none,cold,to get warm
the first boy is standing on the edge of the pond with his foot out.,caution,none,none,none,brave,gets dirty,to be daring,none,happy,to jump in the water
the second boy has his mouth open and is holding his hand out to the first boy.,caution,none,none,to get away,mean,gets slapped,to be helpful,none,scared,to get a bite of food
the boy standing at the pond is smiling.,caution,none,none,none,happy,none,none,none,happy,to smile
the boy at the pond is balancing himself.,caution,none,none,none,careful,gets exercise,to be balanced,none,happy,to get a drink
the boy has his hands out in the air.,caution,none,none,none,curious,gets caught,to be a hero,none,happy,to get help
"they have on a coat , gloves , and a hat.",caution,none,none,none,prepared,gets cold,to be warm,to put on gloves,warm,to go outside
