sentence,principle,oEffect,oReact,oWant,xAttr,xEffect,xIntent,xNeed,xReact,xWant
there is two boys and one girl.,friendliness,none,none,none,young,none,none,none,happy,to have a baby
the first boy is leaning on crutches and is saying something to the second boy.,friendliness,none,none,to listen to personx,helpful,gets hurt,to be heard,none,sad,to get better
the second boy has a book in his hand and is smiling.,friendliness,none,none,none,smart,none,none,none,happy,to read
the girl has a bookbag slung over one shoulder and is also smiling.,friendliness,none,none,none,outgoing,none,none,none,happy,to go to the movies
the boy on the crutches has a boot on his foot.,friendliness,none,none,none,clumsy,gets scolded,none,none,hurt,to get better
the boy is looking down at his boot.,friendliness,none,none,none,curious,none,to see his boots,none,sad,to walk away
there is a room behind the kids that says room 02.,friendliness,none,none,none,sneaky,none,to be in the room,none,happy,to be in the room
the girl is looking at the boy.,friendliness,none,none,to smile,curious,gets a kiss,to be noticed,none,happy,to flirt
