sentence,principle,oEffect,oReact,oWant,xAttr,xEffect,xIntent,xNeed,xReact,xWant
there is a boy.,honesty,none,none,none,young,none,none,none,happy,to grow up
he is sitting at a table with a book open in front of him.,honesty,none,none,none,curious,none,to read,none,interested,to read
he is putting something in between the pages as two boys approach him.,honesty,none,none,none,smart,none,to be a good teacher,none,happy,to be a good teacher
he is about to close the book.,honesty,none,none,none,responsible,none,to read,to read,satisfied,to read
behind him are shelves of books.,honesty,none,none,none,studious,none,none,none,happy,to read
they are two boys walking towards the boy sitting at the table.,honesty,none,none,to eat,curious,gets yelled at,to be with the boy,none,happy,to talk to the boy
the boy is looking at the boys in the distance.,honesty,none,none,none,curious,none,none,none,happy,to talk to them
they are in the library.,honesty,none,none,none,studious,none,to learn,to go to the library,bored,to read
the kids have book bags on their backs.,honesty,none,none,none,caring,none,to be prepared,to have a bag,happy,to go to the store
