sentence,principle,oEffect,oReact,oWant,xAttr,xEffect,xIntent,xNeed,xReact,xWant
there are two boys.,caution,none,none,none,young,none,none,none,happy,to grow up
they are standing in the park playing baseball.,caution,none,none,none,athletic,gets exercise,to have fun,to get dressed,happy,to have fun
the first boy has a baseball glove on and is saying something to the second boy.,caution,none,none,to play baseball,playful,gets yelled at,to be a good player,to be playing baseball,happy,to play baseball
"the second boy has a green baseball cap on , a glove and is holding the ball.",caution,none,none,to play baseball,athletic,gets hit,to play baseball,to be playing baseball,happy,throws it to the other side of the field
he is smiling at the first boy.,caution,none,happy,to smile back,friendly,gets a kiss,none,none,happy,to say hello
there are outside in the yard.,caution,none,none,none,outdoors,gets exercise,to play,to go outside,happy,to play
there is a baseball net in the middle of the yard.,caution,none,none,none,athletic,gets exercise,none,to go outside,happy,to play baseball
