sentence,principle,oEffect,oReact,oWant,xAttr,xEffect,xIntent,xNeed,xReact,xWant
there are two boys.,honesty,none,none,none,young,none,none,none,happy,to grow up
the first boy is standing in front of a door labeled notice employee entrance only.,honesty,none,none,none,curious,gets nervous,none,none,nervous,to get out of the way
he has his hand on the handle and is looking at the second boy.,honesty,none,none,none,curious,none,to be careful,none,nervous,to get the boy out of the way
the second boy is walking away from the first boy and is saying something to him over.,honesty,none,none,to leave,mean,to be honest,to be alone,to be in a bad mood,happy,over
