sentence,principle,oEffect,oReact,oWant,xAttr,xEffect,xIntent,xNeed,xReact,xWant
there are two boys.,law-abiding,none,none,none,young,none,none,none,happy,to grow up
one is wearing glasses and the other has on a green jacket.,law-abiding,none,none,none,stylish,gets cold,to be able to see,to put on glasses,warm,to go outside
they are standing on the sidewalk.,law-abiding,none,none,none,brave,gets hurt,to be noticed,none,happy,to get to their destination
the boy in glasses is pointing at a sign that says no trespassing.,law-abiding,none,none,none,curious,none,to be a good citizen,none,annoyed,to keep the peace
the boy in the green jacket is smiling at him.,law-abiding,none,happy,to smile back,friendly,none,none,none,happy,to say hello
there is a house behind the fence.,law-abiding,none,none,none,sneaky,none,none,none,safe,to get out of the house
the boys are looking at each other.,law-abiding,none,none,none,curious,none,none,none,curious,to talk
the boy wearing the glasses is looking at the other boy.,law-abiding,none,none,none,curious,none,to see the other boy,none,curious,to ask the boy questions
