sentence,principle,oEffect,oReact,oWant,xAttr,xEffect,xIntent,xNeed,xReact,xWant
"there are three boys , they are at a skate rink.",patience,none,none,none,playful,gets exercise,to have fun,to go to the rink,happy,to have fun
the first boy is reaching for a pair of roller skates.,patience,none,none,none,excited,gets sweaty,to have fun,to go to the rink,excited,to go to the rink
"the second boy is looking over his shoulder at the third boy , he is frowning.",patience,none,none,none,suspicious,none,none,none,nervous,to tell the other kids
"the third boy is saying something to the second boy , his brows are furrowed.",patience,none,none,to listen,mean,gets yelled at,to be heard,none,confused,to ask the boy a question
the boy in the blue jacket has something is his hands.,patience,none,none,none,cold,none,none,none,happy,to get it
they is a big sign that says skate.,patience,none,none,none,proud,none,none,none,proud,to skate
there are standing next to big rack of skates.,patience,none,none,none,athletic,gets cold,to be near the rink,to go to the rink,happy,to get a drink
