sentence,principle,oEffect,oReact,oWant,xAttr,xEffect,xIntent,xNeed,xReact,xWant
there is a boy sitting in a chair.,politeness,none,none,none,young,none,none,none,happy,to play
he is leaning far back causing the chair to wobble.,politeness,none,none,none,clumsy,gets hurt,none,none,nervous,to get up
his bookbag is hanging on the back of the bookbag and papers are strewn on the floor.,politeness,none,none,none,careless,none,none,to be in the wrong place,guilty,around the house
there is a table in front of him with a desktop on it.,politeness,none,none,none,busy,none,to be in charge,none,happy,to sit down
the boy is smiling.,politeness,none,none,none,friendly,none,none,none,happy,to smile
