sentence,principle,oEffect,oReact,oWant,xAttr,xEffect,xIntent,xNeed,xReact,xWant
there is a boy talking into a phone.,politeness,none,none,none,curious,none,to communicate,none,happy,to talk
"he is standing beside a table with a pen , pencil , and a stack of pink.",politeness,none,none,none,organized,yellow paper,none,none,happy,white pages
the boy has one of the sticky notes and is reaching for the pencil.,politeness,none,none,none,careless,gets yelled at,to write,to grab the paper,satisfied,to write
on the refrigerator is are pictures and magnets.,politeness,none,none,none,curious,none,none,none,happy,to make sure they are all there
the boy is reaching for the pen.,politeness,none,none,none,determined,none,to write,none,ready,to write something down
there is a plant sitting in the window.,politeness,none,none,none,patient,none,none,none,happy,to get a tan
