sentence,principle,oEffect,oReact,oWant,xAttr,xEffect,xIntent,xNeed,xReact,xWant
there is a girl she is holding a certificate.,humility,none,none,none,proud,none,none,none,proud,to show it off
the certificate says in appreciation presented to marielle maurie.,humility,none,none,none,grateful,none,to show appreciation,none,happy,to show appreciation
the girl is wearing a dark blue shirt that says peace works on it.,humility,none,none,none,trendy,gets compliments,to be fashionable,to put on a shirt,happy,to go out
there are flowers behind the girl.,humility,none,none,none,romantic,none,none,none,happy,to be a good person
the girl is smiling.,humility,none,happy,none,friendly,none,none,none,happy,to kiss her
the girl has a pink headband on her head.,humility,none,none,none,trendy,gets teased,to look pretty,to buy a pink headband,happy,to look pretty
the girl is standing in front of a door.,humility,none,none,none,curious,gets yelled at,to get in the door,none,nervous,to knock on the door
