sentence,principle,oEffect,oReact,oWant,xAttr,xEffect,xIntent,xNeed,xReact,xWant
there are three boys in a skating rink.,assistiveness,none,none,none,playful,gets exercise,none,to go to the rink,happy,to have fun
the first boy is rolling past the second.,assistiveness,none,none,none,young,none,none,none,happy,to get a date
he is looking at the second boy.,assistiveness,none,none,none,curious,none,to be noticed,none,interested,to talk to the boy
"the second boy is holding onto the wall , his legs are wobbling.",assistiveness,none,none,none,unstable,none,none,none,scared,to get up
the third boy is behind the first.,assistiveness,none,none,none,sneaky,none,none,none,happy,to get a better job
they all have rolling skates on.,assistiveness,none,none,none,playful,gets exercise,to have fun,to buy roller skates,happy,to have fun
the kids are wearing protective gear.,assistiveness,none,none,none,protective,gets hurt,to protect them,to be a protective parent,protective,to protect them
the boy in the back is frowning.,assistiveness,none,none,none,mean,none,none,none,annoyed,to get away from the boy
there are benches in the back of the wall.,assistiveness,none,none,none,bored,none,to be alone,to walk to the bench,happy,to sit down
