sentence,principle,oEffect,oReact,oWant,xAttr,xEffect,xIntent,xNeed,xReact,xWant
there is a boy he standing with a sink behind him.,politeness,none,none,none,young,none,none,none,happy,to wash his hands
he has a phone in his hand and he is talking to someone.,politeness,none,none,none,talkative,none,to communicate,to have a phone,happy,to talk
the boy is frowning.,politeness,none,none,none,annoyed,none,none,none,annoyed,to get away from the boy
the boy has his hand in his pocket.,politeness,none,none,none,greedy,gets caught,to be sneaky,none,nervous,to get their hand back
there is a soap dispenser on the sink.,politeness,none,none,none,clean,none,none,none,clean,to clean up
there is a pink bar of soap on the sink.,politeness,none,none,none,clean,gets dirty,none,to wash the soap,clean,to clean up
the boys mouth is wide open.,politeness,none,none,none,loud,none,none,none,surprised,to be quiet
