sentence,principle,oEffect,oReact,oWant,xAttr,xEffect,xIntent,xNeed,xReact,xWant
there are two boys standing in a amusement park.,politeness,none,none,none,playful,none,none,to go to the amusement park,happy,to have fun
there are rollercoaster rails spiraling around and above them.,politeness,none,none,none,brave,gets dizzy,none,none,happy,to get off
the first boy is smiling and pointing to the nearest rollercoaster.,politeness,none,none,none,excited,gets yelled at,to be funny,to be in a roller coaster,happy,to have fun
the second boy is frowning.,politeness,none,none,none,annoyed,none,none,none,annoyed,to get away from the boy
there are people walking together in the background.,politeness,none,none,none,quiet,none,none,none,happy,to be alone
the roller coaster ride sits very high.,politeness,none,none,none,brave,gets dizzy,none,to buy tickets,happy,to have fun
the boy is looking back at the other boy.,politeness,none,none,none,curious,none,to be noticed,none,curious,to talk to the boy
the boy is looking up.,politeness,none,none,none,curious,none,to be informed,none,curious,to get a better look
