sentence,principle,oEffect,oReact,oWant,xAttr,xEffect,xIntent,xNeed,xReact,xWant
"there is a boy , a mother and a daughter in a skating park.",supportive,none,none,none,playful,gets exercise,to have fun,to buy a skateboard,happy,to have fun
the daughter is stepping onto her pink skateboard and is wobbling.,supportive,none,none,none,clumsy,gets hurt,none,to be walking,nervous,to get off the skateboard
the mother is standing behind her and reaching for her.,supportive,none,none,none,helpful,gets yelled at,to be helpful,none,happy,to hug her
the boy is down on one knee and reaching out for the girl.,supportive,none,happy,to say yes,loving,gets kissed,to propose,to be in love,happy,to propose
the boy is smiling.,supportive,none,none,none,friendly,none,none,none,happy,to smile
the boy has a skateboard in his hand.,supportive,none,none,none,athletic,gets dirty,to play,to go to the store,excited,to play with the skateboard
they are wearing protective gear.,supportive,none,none,none,protective,gets hurt,to protect himself,to wear protective gear,safe,to protect himself
the boy s skateboard is black.,supportive,none,none,none,athletic,gets hurt,none,to buy a skateboard,happy,to get a new skateboard
there is someone in the back skating.,supportive,none,none,none,athletic,gets exercise,to have fun,to go to the rink,happy,to get exercise
