sentence,principle,oEffect,oReact,oWant,xAttr,xEffect,xIntent,xNeed,xReact,xWant
there is a boy and his father.,respect,none,none,none,young,none,none,none,happy,to grow up
the boy is standing in front of the table.,respect,none,none,none,bold,gets yelled at,to eat,to walk to the table,happy,to eat
on the table is an open toy box with wrapping paper around it and a happy birthday.,respect,none,none,none,childish,none,none,to buy a gift,happy,to give it to someone
beside it is a black stand and the boy is stacking the cubes up on each other.,respect,none,none,none,mean,none,none,none,happy,to make things clear
beside the boy the father is holding a thank you card and envelope in one hand and.,respect,none,none,none,generous,none,to give the card to the boy,to get the money,happy,to give the card to the boy
the father is frowning.,respect,none,none,none,angry,none,none,none,upset,to cry
the boy has two cubes in his hands.,respect,none,none,none,greedy,gets yelled at,to be successful,none,happy,to be successful
the box says toy of the year.,respect,none,none,none,playful,none,to be a good child,none,happy,to play with the toy
the boy is smiling.,respect,none,none,none,friendly,none,none,none,happy,to smile
