sentence,principle,oEffect,oReact,oWant,xAttr,xEffect,xIntent,xNeed,xReact,xWant
there is a boy laying in his bed.,humility,none,none,none,young,gets a blanket,none,none,happy,to sleep
he is writing a letter.,humility,none,none,none,thoughtful,none,to communicate,to get a pen,happy,to send the letter
beside him is a grey cay and a toy robot.,humility,none,none,none,playful,none,none,none,happy,to be a good friend
the boy is writing a thank you letter.,humility,none,happy,none,thoughtful,none,to show appreciation,to get a pen,happy,to send the letter
the boy is smiling.,humility,none,none,none,friendly,none,none,none,happy,to smile
the cat is licking its paw.,humility,none,none,none,playful,none,to be playful,none,happy,to get a drink
there is an envelope on the bed.,humility,none,none,none,curious,none,none,none,surprised,to read the letter
the boy has his feet in the air.,humility,none,none,none,playful,none,to be a good son,none,happy,to jump
"the robot is purple , black , and grey.",humility,none,none,none,ugly,none,none,none,sad,to be a chameleon
