sentence,principle,oEffect,oReact,oWant,xAttr,xEffect,xIntent,xNeed,xReact,xWant
there is a group of children sitting on the floor in front of a woman.,cooperation,none,none,none,young,none,none,none,happy,to play
the woman is holding open a book towards the children.,cooperation,none,grateful,to thank personx,kind,gets thanked,to be helpful,to be a teacher,helpful,to read
one of the boys is looking up at the girl and is ushering beside him.,cooperation,none,none,to smile,interested,none,to be polite,none,happy,to ask her out
they are both smiling.,cooperation,none,none,none,happy,none,none,none,happy,to smile
the kids are sitting in front of the bookshelf.,cooperation,none,none,none,bored,none,to read,to walk to the bookshelf,happy,to read
the girl is holding her hands together.,cooperation,none,none,to be held,caring,none,to be close to the girl,to be holding hands,nervous,to be close
the child in the back is smiling.,cooperation,none,none,none,happy,none,none,none,happy,to be a good parent
