sentence,principle,oEffect,oReact,oWant,xAttr,xEffect,xIntent,xNeed,xReact,xWant
there are three boys.,patience,none,none,none,young,none,none,none,happy,to play
one is sitting on the ground tying his shoe.,patience,none,none,none,careful,gets hurt,to be safe,to be walking,safe,to get up
he is blocking the gate into the zoo.,patience,none,none,none,mean,gets yelled at,to be a hero,to be a zoo owner,powerful,to keep the animals inside
"the other two boys are standing behind him , they are looking down at the first boy.",patience,none,none,none,curious,none,to be in charge,none,happy,to talk to the boy
there is a welcome to the zoo poster behind them.,patience,none,none,none,happy,none,none,none,happy,to see the animals
the boys hands are on the gate.,patience,none,none,none,helpful,none,to get something,to walk to the gate,happy,to get the gate
the boys are waiting for the boy to finish tying his shoe.,patience,none,none,none,patient,none,to be patient,to be in the same place as the boy,happy,to help him
the boy tying his shoe is frowning.,patience,none,none,none,annoyed,none,none,none,annoyed,to walk away
there is a elephant picture under the welcome sign.,patience,none,none,none,curious,none,none,none,happy,to show off their elephant
