sentence,principle,oEffect,oReact,oWant,xAttr,xEffect,xIntent,xNeed,xReact,xWant
there is a boy and a girl.,friendliness,none,none,none,young,none,none,none,happy,to have a baby
they are bottle feeding baby sheep.,friendliness,none,none,none,caring,gets bitten,to feed the baby sheep,to buy sheep,happy,to feed the baby
they are sitting in an enclosed space covered in hay.,friendliness,none,none,none,uncomfortable,gets sweaty,none,none,uncomfortable,to get out of the hay
they are on the farm.,friendliness,none,none,none,adventurous,none,to have fun,to buy a farm,happy,to plant a tree
the bottles are filled with milk.,friendliness,none,none,none,thirsty,none,to drink,to buy milk,satisfied,to drink the milk
the kids are grinning.,friendliness,none,none,none,happy,none,none,none,happy,to laugh
there are two baby sheep.,friendliness,none,none,none,caring,none,none,none,happy,to be a good parent
