sentence,principle,oEffect,oReact,oWant,xAttr,xEffect,xIntent,xNeed,xReact,xWant
there is a boy walking with his phone.,assistiveness,none,none,none,young,gets called a boy,to be a boy,none,happy,to call their parents
behind him he has dropped his bookbag and shoes on the floor.,assistiveness,none,none,none,clumsy,gets yelled at,none,none,embarrassed,to pick up the bag
a little ways down the hall his father is walking up with a big basket of laundry.,assistiveness,none,none,none,careless,gets tired,to be helpful,to be in the laundry,tired,to get a new dress
the boy has headphones in his head.,assistiveness,none,none,none,bored,none,to listen to music,to have headphones,happy,to listen to music
the boy s bookbag and shoes are in the middle of the room.,assistiveness,none,none,none,careless,none,none,to walk to the room,happy,to go to the store
the boy is in the living room.,assistiveness,none,none,none,present,none,none,to walk to the room,happy,to play
there is a big entertainment center in the middle of the room.,assistiveness,none,none,none,outgoing,gets a lot of attention,to be entertained,to be a big performer,happy,to entertain
