sentence,principle,oEffect,oReact,oWant,xAttr,xEffect,xIntent,xNeed,xReact,xWant
the boy has headphones in his head.,politeness,none,none,none,bored,none,to listen to music,to have headphones,happy,to listen to music
the boy s bookbag and shoes are in the middle of the room.,politeness,none,none,none,careless,none,none,to walk to the room,happy,to go to the store
the boy is in the living room.,politeness,none,none,none,present,none,none,to walk to the room,happy,to play
there is a big entertainment center in the middle of the room.,politeness,none,none,none,outgoing,gets a lot of attention,to be entertained,to be a big performer,happy,to entertain
everyone behind the boy is looking forward.,politeness,none,none,none,hopeful,none,none,none,happy,to be a good son
everyone is frowning.,politeness,none,none,none,annoyed,none,none,none,annoyed,to be calm
