sentence,principle,oEffect,oReact,oWant,xAttr,xEffect,xIntent,xNeed,xReact,xWant
there is a boy sitting on a bench.,cleanliness,none,none,none,young,none,none,none,happy,to play
he is taking off his shoes and putting them up against the wall.,cleanliness,none,none,none,careful,gets dirty,to be clean,to get up,comfortable,to clean up
right next to his shoes is a pair of bright green rainboots.,cleanliness,none,none,none,happy,none,none,none,happy,to get a new pair
above that coats are lined up on the rack.,cleanliness,none,none,none,prepared,none,none,none,happy,to get a good deal
there is a mat under the shoes.,cleanliness,none,none,none,lazy,none,none,none,good,to get up
the boy s bookbag is next to him.,cleanliness,none,none,none,sneaky,none,to be helpful,none,happy,to get the book
