sentence,principle,oEffect,oReact,oWant,xAttr,xEffect,xIntent,xNeed,xReact,xWant
there is a boy he is running down the sidewalk.,politeness,none,none,none,young,gets exercise,none,none,happy,to get to the other side
his arms are waving above him.,politeness,none,none,none,active,gets tired,to be active,none,happy,to get a drink
his mouth is agape.,politeness,none,none,none,shocked,gets slapped,none,none,shocked,to get away
behind him his shadow displays a big spider hanging from a web.,politeness,none,none,none,creepy,none,none,none,scared,to scare the spider away
