sentence,principle,oEffect,oReact,oWant,xAttr,xEffect,xIntent,xNeed,xReact,xWant
there is a boy he is standing in his room.,friendliness,none,none,none,young,none,none,none,happy,to play
there is a bed and a dresser behind him.,friendliness,none,none,none,lazy,none,none,none,happy,to sleep
the boy is smiling and his hands are in the air.,friendliness,none,none,none,playful,none,to play,none,happy,to run
the window behind the boy is open.,friendliness,none,none,none,curious,none,none,none,happy,to look outside
the lamp on the dresser.,friendliness,none,none,none,careless,none,to be able to see,to walk to the lamp,satisfied,to get out of bed
