sentence,principle,oEffect,oReact,oWant,xAttr,xEffect,xIntent,xNeed,xReact,xWant
there are two boys.,friendliness,none,none,none,young,none,none,none,happy,to grow up
"the first has on glasses he is holding a book in his hand , he is talking.",friendliness,none,none,none,studious,reading,to read,to read,smart,to read
the second boy is looking down at the book.,friendliness,none,none,none,curious,none,to read,none,interested,to read
"he is smiling , they both have backpacks on and are walking down a hallway.",friendliness,none,none,none,carefree,none,to be alone,none,happy,to get to class
there are standing outside the classroom.,friendliness,none,none,none,curious,gets yelled at,to be in class,to walk to the classroom,bored,to get a good grade
there is a desk in the background.,friendliness,none,none,none,quiet,none,none,none,neutral,to be noticed
