sentence,principle,oEffect,oReact,oWant,xAttr,xEffect,xIntent,xNeed,xReact,xWant
there are three boy in a gym.,politeness,none,none,none,young,gets exercise,none,none,happy,to get exercise
the first one is leaning down to tie his shoe.,politeness,none,none,none,careful,none,to tie his shoe,to be standing,happy,to tie the shoe
the second is running around him.,politeness,none,none,none,active,gets exercise,to be with someone,none,happy,to get exercise
he is looking down at the first as he passes.,politeness,none,none,none,curious,none,to see something,none,curious,to get a better look
the third one is also running past the first.,politeness,none,none,none,fast,gets sweaty,none,to be fast,happy,to win
"there is a sign on the wall that says go , team.",politeness,none,none,none,hopeful,none,none,none,happy,to go to the game
there is a big mat on the wall.,politeness,none,none,none,proud,none,none,none,proud,to get a new mat
there is an orange cone behind the boys.,politeness,none,none,none,playful,none,none,none,happy,to be a good teacher
there is a different white line behind the boy.,politeness,none,none,none,different,none,none,none,happy,to stop the boy
