sentence,principle,oEffect,oReact,oWant,xAttr,xEffect,xIntent,xNeed,xReact,xWant
there are two boys standing in front of.,cooperation,none,none,none,young,none,none,none,happy,to play
chalkboard that reads fun with science.,cooperation,none,none,none,smart,none,to be entertained,none,happy,to learn more
the two boys are standing at a table with various kinds of science equipment on it and.,cooperation,none,none,none,curious,gets yelled at,none,to go to the table,happy,to learn
the first boy is gesturing to one of the instruments on the table and is saying something.,cooperation,none,none,none,rude,gets yelled at,to be heard,none,satisfied,to get the attention of the other boy
the second boy is holding the equipment.,cooperation,none,none,none,responsible,gets yelled at,to be helpful,to be a teacher,happy,to get the equipment
the boy is looking down at where the first boy is pointing.,cooperation,none,none,none,curious,gets yelled at,to be observant,none,curious,to find the next boy
there is a book that is open in front of the equipment and boys.,cooperation,none,none,none,curious,none,none,none,interested,to read
