sentence,principle,oEffect,oReact,oWant,xAttr,xEffect,xIntent,xNeed,xReact,xWant
there is a boy.,caution,none,none,none,young,none,none,none,happy,to grow up
"he has a plate of pb j a bowl of apple slices , a remote and.",caution,none,none,none,hungry,none,to eat,to buy apples,full,to eat
"the glass of milk is sloshing out of the cup , the bowl of apples have fallen.",caution,none,none,none,careless,none,none,none,bad,to clean up the mess
in the next room is a couch and a tv.,caution,none,none,none,content,none,to be entertained,to walk to the couch,happy,to watch tv
