sentence,principle,oEffect,oReact,oWant,xAttr,xEffect,xIntent,xNeed,xReact,xWant
there is a boy laying out on a bench.,self-care,none,none,none,young,gets dirty,none,none,happy,to play
he is wearing a karate uniform with a green belt tied around his waist.,self-care,none,none,none,proud,gets hit,to look good,to buy a belt,proud,to go to the gym
two other boys wearing identical uniforms are walking through the door.,self-care,none,none,none,uniform,none,none,to go to the door,happy,to go to the bathroom
they are talking to each other and smiling.,self-care,none,none,to smile,friendly,none,to be funny,none,happy,to laugh
the boy on the bench is frowning.,self-care,none,none,none,mean,none,none,none,annoyed,to get a drink
there is a big clock on the wall above the double doors.,self-care,none,none,none,important,none,none,none,happy,to get a promotion
there are words on the double doors.,self-care,none,none,none,eloquent,none,none,none,happy,to be heard
one of the boys is holding a book bag on his back.,self-care,none,none,none,studious,none,to read,to pick up the books,good,to read
