sentence,principle,oEffect,oReact,oWant,xAttr,xEffect,xIntent,xNeed,xReact,xWant
there is a boy and his father.,cooperation,none,none,none,young,none,none,none,happy,to grow up
they are in the kitchen.,cooperation,none,none,none,hungry,none,to eat,to walk to the kitchen,hungry,to eat
the father has yellow oven mitts on and is carrying a metal pan to the sink.,cooperation,none,none,none,hungry,gets dirty,to cook,to cook,none,to clean up the mess
the boy is standing at the sink washing his hands.,cooperation,none,none,none,clean,gets dirty,to clean,to get up,clean,to dry the hands
