sentence,principle,oEffect,oReact,oWant,xAttr,xEffect,xIntent,xNeed,xReact,xWant
"there is a car rolling past , someone is throwing candy out the window.",humility,none,none,none,careless,gets dirty,to be playful,none,happy,to get a candy
on the sidewalk the first boy is holding back the other kids with one arm and scooping.,humility,none,none,none,the other kids,gets dirty,to be nice,to be a teacher,good,throw
the kids behind him are reaching for the candy on the ground.,humility,none,none,none,greedy,gets dirty,to eat candy,to be hungry,happy,to eat the candy
they are all frowning.,humility,none,none,none,annoyed,none,none,none,annoyed,to be calm
