sentence,principle,oEffect,oReact,oWant,xAttr,xEffect,xIntent,xNeed,xReact,xWant
"there is a boy , he is snowboarding down a snow covered hill.",caution,none,none,none,athletic,gets cold,to have fun,to put on a snow jacket,happy,to get out of the snow
there are snow covered trees and a snow capped peaks behind the boy.,caution,none,none,none,playful,none,none,none,happy,to play in the snow
"the boy has on a helmet and goggles , he s also wearing a jacket and pants.",caution,none,none,none,protective,gets cold,to protect himself,to wear a helmet,safe,to protect himself
his pants are covered in snow.,caution,none,none,none,cold,shivers,none,none,cold,to get warm
there are snowflakes falling.,caution,none,none,none,careless,none,none,none,happy,to get a blanket
the boy is balancing on the snowboard.,caution,none,none,none,athletic,falls down,none,to be on a skateboard,happy,to jump down
the snowboard color is green.,caution,none,none,none,creative,none,none,none,happy,to have fun
