sentence,principle,oEffect,oReact,oWant,xAttr,xEffect,xIntent,xNeed,xReact,xWant
there is a tree with a busted pinata hanging from it.,cooperation,none,none,none,careless,none,none,none,sad,to get rid of the pinata
in the distance is a picnic table with presents and balloons on it.,cooperation,none,none,none,generous,none,to have a good time,to buy balloons,happy,to have fun
three boys are under the tree bending out to pick up the fallen candy from the pinata.,cooperation,none,none,none,none,none,none,none,none,none
one of the boys is holding a stick.,cooperation,none,none,none,playful,gets hit,to play,to pick up the stick,happy,to play with the stick
the boy with the stick is holding candy in his hand.,cooperation,none,none,none,playful,gets dirty,to eat candy,to pick up the stick,happy,to eat candy
they are outside in the backyard.,cooperation,none,none,none,active,gets exercise,to have fun,to go outside,happy,to play
there is a fencedin.,cooperation,none,none,none,brave,none,none,none,happy,to be successful
