sentence,principle,oEffect,oReact,oWant,xAttr,xEffect,xIntent,xNeed,xReact,xWant
there is a boy and his father in a store.,humility,none,none,none,young,none,none,none,happy,to grow up
the boys mouth is agape and he is gesturing to an empty shelf.,humility,none,none,none,rude,none,none,none,confused,to get a drink
the shelf has a big bright label that says new.,humility,none,none,none,smart,none,to be a good reader,none,happy,to read the labels
the father is behind the boy with his eyebrow raised.,humility,none,none,none,curious,none,none,none,surprised,to ask the boy to stop
there is a checkout sign behind the father.,humility,none,none,none,responsible,none,none,none,annoyed,to get out of the car
the shelves above and below are in stock.,humility,none,none,none,greedy,none,to be a good worker,none,satisfied,to keep the shelves clean
