sentence,principle,oEffect,oReact,oWant,xAttr,xEffect,xIntent,xNeed,xReact,xWant
there are two boys.,friendliness,none,none,none,young,none,none,none,happy,to grow up
they are walking away from a ticket booth that has a sign on it that says.,friendliness,none,none,none,curious,none,none,none,annoyed,to go to the store
the first boy is smiling and shrugging his shoulders.,friendliness,none,none,none,carefree,none,none,none,happy,to smile
the second boy has his hands in his pockets and is frowning.,friendliness,none,none,none,nervous,gets caught,to hide something,none,nervous,to keep his hands in his pockets
