sentence,principle,oEffect,oReact,oWant,xAttr,xEffect,xIntent,xNeed,xReact,xWant
there is a boy walking by a pool.,caution,none,none,none,young,gets exercise,none,to go to the pool,happy,to play
he is holding a glass of juice in his hand and is looking out over the pool.,caution,none,none,none,thirsty,drinking,to drink,to be at the pool,satisfied,to drink juice
there is a girl some distance away holding up a hand to her mouth.,caution,none,none,none,mean,gets slapped,to be a good friend,none,happy,to be left alone
with her other hand she is pointing to the house behind her.,caution,none,none,none,mean,none,to show her house,none,happy,to get a better look
there is afloat in the pool.,caution,none,none,none,happy,gets wet,none,to go to the pool,happy,to swim
there are in the background.,caution,none,none,none,quiet,none,none,none,happy,to be noticed
the boy has in hand in his pocket.,caution,none,none,none,sneaky,none,to be prepared,to have a pocket,nervous,to hide
the lady is standing near the house.,caution,none,none,none,curious,none,to be near the house,to walk to the house,happy,to talk to the lady
