sentence,principle,oEffect,oReact,oWant,xAttr,xEffect,xIntent,xNeed,xReact,xWant
there are two boys and one girl.,friendliness,none,none,none,young,none,none,none,happy,to have a baby
they are sitting at a picnic table next to the pool.,friendliness,none,none,none,relaxed,gets sunburnt,to have fun,to go to the park,happy,to have fun
the first boy has a towel over his shoulders and is holding a deck of cards.,friendliness,none,none,none,playful,gets wet,to play cards,to go to the store,happy,to play cards
the second boy is also holding a deck of cards as well as the girl.,friendliness,none,none,none,sneaky,none,to play cards,to have cards,happy,to win
there are cups on the table and a pair of goggles.,friendliness,none,none,none,curious,none,none,none,happy,to put them on
there are two red eights in the middle of the table.,friendliness,none,none,none,unintelligent,none,none,none,angry,to be the center of attention
