sentence,principle,oEffect,oReact,oWant,xAttr,xEffect,xIntent,xNeed,xReact,xWant
there is a boy and his father.,respect,none,none,none,young,none,none,none,happy,to grow up
the father is sitting in a sofa reading the newspaper.,respect,none,none,none,curious,gets a headache,to be informed,to have a newspaper,informed,to read
the boy is standing beside the sofa with a laptop in his hands.,respect,none,none,none,curious,gets yelled at,to play video games,to be playing video games,happy,to play video games
he is holding the laptop towards his father.,respect,none,none,to thank personx,helpful,gets yelled at,to be helpful,to grab the laptop,helpful,to turn it on
