sentence,principle,oEffect,oReact,oWant,xAttr,xEffect,xIntent,xNeed,xReact,xWant
there is a boy walking through a park.,self-care,none,none,none,young,gets exercise,to have fun,to put on his shoes,happy,to go home
he is wearing a green hoodie.,self-care,none,none,none,trendy,gets dirty,to be warm,to put on a scarf,warm,to go outside
he is also wearing earbuds and is holding an ipod.,self-care,none,none,none,quiet,none,to listen to music,to have headphones,content,to listen to music
there are orange leaves falling around him.,self-care,none,none,none,careless,none,none,none,sad,to get a drink
the boy is looking at his ipod.,self-care,none,none,none,curious,none,to listen to music,none,happy,to listen to music
the boy is grinning.,self-care,none,none,none,happy,none,none,none,happy,to smile
