sentence,principle,oEffect,oReact,oWant,xAttr,xEffect,xIntent,xNeed,xReact,xWant
there is a boy sitting in front of a computer.,humility,none,none,none,nerdy,gets a computer,none,none,happy,to play with the computer
his mouth is opened.,humility,none,none,none,curious,none,to be rude,none,hungry,to eat
his hands are on the keyboard.,humility,none,none,none,focused,gets yelled at,to be productive,none,accomplished,to write
the computer screen and everything behind the boy is dark.,humility,none,none,none,dark,none,none,none,sad,to turn on the light
