sentence,principle,oEffect,oReact,oWant,xAttr,xEffect,xIntent,xNeed,xReact,xWant
there is a boy with a rake.,cooperation,none,none,none,playful,gets dirty,none,none,happy,to rake the yard
he is raking up fallen leaves into a pile.,cooperation,none,none,none,careless,gets dirty,to clean up,to get a rake,tired,to clean up
there is a tree beside the boy.,cooperation,none,none,none,caring,none,none,none,happy,to play with the boy
leaning against the tree is a bag full of leaves.,cooperation,none,none,none,careless,gets dirty,none,none,sad,to get out of the bag
the boy is smiling.,cooperation,none,none,none,friendly,none,none,none,happy,to smile
the boy is outside.,cooperation,none,none,none,curious,none,to play,none,happy,to play
the boy is looking down at the leaves.,cooperation,none,none,none,observant,none,to see the leaves,none,sad,to look up
there are a lot of trees around the boy.,cooperation,none,none,none,friendly,none,none,none,happy,to be a good listener
