sentence,principle,oEffect,oReact,oWant,xAttr,xEffect,xIntent,xNeed,xReact,xWant
there are three boys.,politeness,none,none,none,young,none,none,none,happy,to play
two of the boys are talking to each other.,politeness,none,none,to get to know personx,friendly,none,to be heard,none,happy,to get a drink
one is frowning and saying something to the other.,politeness,none,none,none,mean,none,to be heard,none,annoyed,to leave
the second has his hands in his pockets and is frowning.,politeness,none,none,none,nervous,none,to hide something,none,nervous,to keep his hands in his pockets
the third boy is standing some distance away playing with a red yoyo.,politeness,none,none,none,playful,gets hit by a ball,to have fun,to be playing,happy,to play a game
the boy that is frowning has a bookbag in his hand.,politeness,none,none,none,mean,none,to read,none,nervous,to read the book
the first boy has his hand in his hoodie.,politeness,none,none,none,mean,gets dirty,to be a jerk,none,happy,to get away
the second boy is pointing at himself.,politeness,none,none,none,curious,none,to be noticed,none,happy,to tell everyone about him
