sentence,principle,oEffect,oReact,oWant,xAttr,xEffect,xIntent,xNeed,xReact,xWant
"there are two boys and a girl , they are in a classroom.",politeness,none,none,none,young,none,none,none,happy,to learn more
all three have their hands raised.,politeness,none,none,none,demanding,none,to be a leader,none,happy,to be a leader
the first boy is smiling and the other two are not.,politeness,none,happy,to smile,happy,none,none,none,happy,to be friends
the first boy has papers on his desk and a pencil in his hand.,politeness,none,none,none,studious,gets scolded,to write,to have a pen,nervous,to write
he is waving his hand and shaking his chair.,politeness,none,none,none,annoying,gets yelled at,to get attention,none,happy,to get their attention
the other kids are looking at the boy in green.,politeness,none,none,to smile,curious,none,to see the boy,none,happy,to talk to the boy
the boy in green is looking back at the boy.,politeness,none,none,none,curious,none,to see the boy,none,happy,to talk to the boy
the boy in green is smiling.,politeness,none,none,none,friendly,none,none,none,happy,to smile
