sentence,principle,oEffect,oReact,oWant,xAttr,xEffect,xIntent,xNeed,xReact,xWant
there are two boys.,friendliness,none,none,none,young,none,none,none,happy,to grow up
"one is fully dressed in a coat , sweater , and a hat.",friendliness,none,none,none,cold,gets cold,to be warm,to put on a coat,warm,to go outside
laying on a hill of snow is a wooden sled.,friendliness,none,none,none,playful,gets cold,none,to get a sled,happy,to get out of the snow
the second boy.,friendliness,none,none,none,young,none,none,none,happy,to teach them
is standing in the doorway and is smiling.,friendliness,none,none,none,happy,none,none,none,happy,to say hello
the first boy is gesturing towards the sled.,friendliness,none,none,none,curious,gets yelled at,to be noticed,to be near the sled,excited,to get the sled
