sentence,principle,oEffect,oReact,oWant,xAttr,xEffect,xIntent,xNeed,xReact,xWant
there are two boys.,,none,none,none,young,none,none,none,happy,to grow up
the first boy is wearing a green hoodie.,,none,none,none,creepy,gets dirty,to be warm,to put on a green hood,happy,to go to the party
he is grinning and is shrugging.,,none,none,none,indifferent,none,none,none,happy,to be heard
his hair is red and messy.,,none,none,none,messy,gets yelled at,none,none,messy,to clean up
the second boy is waving.,,none,none,none,friendly,none,to be noticed,none,happy,to get a drink
between them is the title goofus and gallant.,,none,none,none,arrogant,none,none,none,superior,to be a leader
