sentence,principle,oEffect,oReact,oWant,xAttr,xEffect,xIntent,xNeed,xReact,xWant
there is a boy he is walking past a table.,cooperation,none,none,none,young,none,none,none,happy,to eat
as he is walking past he is putting a pair of scissors onto the table.,cooperation,none,none,none,careless,none,to get rid of something,to pick up the scissors,satisfied,to get rid of them
behind a large shelf filled with containers of arts and crafts materials a girl is looking into.,cooperation,none,none,none,curious,none,to learn,none,happy,to buy the crafts
the girl is frowning.,cooperation,none,none,none,annoyed,none,none,none,annoyed,to get away from the girl
they are in the art class.,cooperation,none,none,none,creative,learns something,to learn,to attend the class,proud,to learn
there is a board with decorations on it.,cooperation,none,none,none,social,none,to decorate,none,happy,to decorate the board
there is cutup paper on the table with the scissors.,cooperation,none,none,none,careless,gets cut,none,none,sad,to cut the paper
there is a shelf that has labels on it.,cooperation,none,none,none,curious,none,none,none,smart,to read
"on the shelf , the label says , paper , markers , and please return scissors.",cooperation,none,none,none,responsible,none,to return the item,to pick up the box,happy,to return the box
