sentence,principle,oEffect,oReact,oWant,xAttr,xEffect,xIntent,xNeed,xReact,xWant
there is a boy sitting cross legged on the floor.,friendliness,none,none,none,young,none,none,none,happy,to get up
he is holding a can of cat food.,friendliness,none,none,none,caring,gets dirty,to have a snack,to have a cat,happy,to feed the cat
beside him on a paper towel is the lid and a spoon.,friendliness,none,none,none,helpful,none,to be helpful,none,satisfied,to clean up
there is a brown cat on front of him.,friendliness,none,none,none,playful,none,none,none,happy,to play with the cat
the cat is reaching for the cat food with it s paw.,friendliness,none,none,none,caring,gets bitten,to eat,none,happy,to feed the cat
a short distance away are a blue and purple bowl one has water in it and the.,friendliness,none,none,none,curious,none,none,none,happy,to eat
the purple bowl has the word peanut on it.,friendliness,none,none,none,hungry,none,none,none,satisfied,to eat
