sentence,principle,oEffect,oReact,oWant,xAttr,xEffect,xIntent,xNeed,xReact,xWant
there is a boy standing in a shed.,cleanliness,none,none,none,young,none,none,none,happy,to play
he is reaching over a table with paint cans and paint brushes on it.,cleanliness,none,none,none,careless,gets dirty,to paint,to pick up the cans,happy,to paint
he is placing the hammer back into place on the wall where the other tools are.,cleanliness,none,none,none,responsible,none,to be a good worker,to have the hammer,relieved,to get a new hammer
the boy is smiling.,cleanliness,none,none,none,friendly,none,none,none,happy,to smile
there is a large ruler on the table.,cleanliness,none,none,none,powerful,none,none,none,powerful,to be in charge
there are tools hanging on the wall.,cleanliness,none,none,none,handy,none,none,none,sad,to fix the wall
