sentence,principle,oEffect,oReact,oWant,xAttr,xEffect,xIntent,xNeed,xReact,xWant
there is a boy sitting on a bench with a stack of donut boxes to his right.,humility,none,none,none,young,none,none,none,happy,to eat
behind him tied to a tree is a big sign.,humility,none,none,none,adventurous,none,none,none,happy,to get away
the sign says charity doughnut stand sales and donations go to hunger free colorado making a.,humility,none,none,none,generous,none,to be a good citizen,to have money,happy,to make money
.,humility,none,none,none,determined,none,to be a good citizen,none,happy,to get a drink
the boy is smiling.,humility,none,none,none,friendly,none,none,none,happy,to smile
