sentence,principle,oEffect,oReact,oWant,xAttr,xEffect,xIntent,xNeed,xReact,xWant
"there are two boys , they are sitting on a bench.",patience,none,none,none,young,none,to play,none,happy,to play
the first boy has his hand up while he uses the other to tie the laces on.,patience,none,none,none,careless,gets caught,to tie the laces,to be playing,happy,to tie the laces
the second boy already has both skates on and is looking down at the first boy and.,patience,none,none,to have fun,curious,none,to have fun,to be playing with them,excited,to have fun
the boy in the green has his hand up.,patience,none,none,none,playful,gets yelled at,to be a good child,none,happy,to run away
the boy is wearing a baseball cap.,patience,none,none,none,stylish,gets yelled at,to be fashionable,to put the hat on,happy,to play baseball
the other boy has on a helmet.,patience,none,none,none,cautious,gets hurt,to protect himself,to have a helmet,safe,to ride the bike
there are in a park.,patience,none,none,none,relaxed,gets exercise,to have fun,to go to the park,happy,to go to the park
