sentence,principle,oEffect,oReact,oWant,xAttr,xEffect,xIntent,xNeed,xReact,xWant
there is a boy and a girl.,caution,none,none,none,young,none,none,none,happy,to have a baby
they are standing in an art museum.,caution,none,none,none,curious,gets a compliment,to learn about art,to buy art supplies,happy,to admire the art
there are paintings of various sizes hanging on the walls.,caution,none,none,none,artistic,none,none,none,happy,to sell them
the boy is standing next to a table with a lamp on it.,caution,none,none,none,curious,gets yelled at,none,none,happy,to get a drink
he has his arms outstretched knocking over the lamp.,caution,none,none,none,careless,gets hurt,to be in control,none,powerful,to get a drink
he is looking at it fall eyes wide.,caution,none,none,none,curious,none,none,none,happy,to look away
the girl is reaching for the lamp.,caution,none,none,none,curious,gets burned,to light the lamp,none,satisfied,to light the lamp
