sentence,principle,oEffect,oReact,oWant,xAttr,xEffect,xIntent,xNeed,xReact,xWant
there are two boys.,friendliness,none,none,none,young,none,none,none,happy,to grow up
the first boy is holding a black disc with a dark blue rim.,friendliness,none,none,none,curious,gets hit by the boy,none,none,happy,to put the object down
he is bouncing a colorful furry ball on top of it.,friendliness,none,none,none,playful,gets tired,to be funny,none,happy,to play a game
the second boy has a disc under his arm.,friendliness,none,none,none,prepared,none,none,to have a bottle,happy,to hide it
it has an orange rim around it.,friendliness,none,none,none,careless,gets hurt,none,none,happy,to eat
the two boys are smiling.,friendliness,none,none,none,happy,none,none,none,happy,to have fun
