sentence,principle,oEffect,oReact,oWant,xAttr,xEffect,xIntent,xNeed,xReact,xWant
there is a boy sitting on the floor.,friendliness,none,none,none,young,none,none,none,happy,to get up
he is shaking a cat toy with colorful feathers at the end.,friendliness,none,none,none,playful,gets scratched,to play,none,happy,to play with the cat
there is a grey and white cat in front of him licking it s paws.,friendliness,none,none,none,playful,none,none,none,happy,to get it out of the way
the boy is looking at the cat.,friendliness,none,none,none,curious,gets bitten,to see the cat,none,happy,to pet the cat
the boy is smiling.,friendliness,none,none,none,friendly,none,none,none,happy,to smile
the boy is trying to play with the cat.,friendliness,none,none,none,playful,gets bitten,to have fun,to have a cat,happy,to play with the cat
