sentence,principle,oEffect,oReact,oWant,xAttr,xEffect,xIntent,xNeed,xReact,xWant
there is a boy and a girl.,humility,none,none,none,young,none,none,none,happy,to have a baby
the boy is holding up his paper.,humility,none,none,none,helpful,gets yelled at,to be helpful,none,happy,to read the paper
in red.,humility,none,none,none,angry,none,none,none,angry,to get a drink
it says c you can do better.,humility,none,none,none,confident,none,to be helpful,none,happy,to be a good friend
the boy is frowning and looking over at the girls paper.,humility,none,none,none,curious,none,to see what they are doing,none,annoyed,to read the paper
the girls paper says also in red lettering a excellent.,humility,none,none,none,smart,none,to be a good reader,to be a copycat,happy,to write a note
the girl is looking at the boys paper and is frowning.,humility,none,none,none,curious,none,none,none,annoyed,to read the paper
the girl has a pink book bag on her back.,humility,none,none,none,careless,none,to be prepared,to go to the store,happy,to hide the book
the girl has her hand in her pocket.,humility,none,none,to get their hand back,sneaky,gets yelled at,to be sneaky,none,nervous,to get their hand out
