sentence,principle,oEffect,oReact,oWant,xAttr,xEffect,xIntent,xNeed,xReact,xWant
there are three boys and a girl.,politeness,none,none,none,young,none,none,none,happy,to have a baby
they are in a theatre.,politeness,none,none,none,musical,none,to be entertained,to buy a ticket,happy,to see the show
the first two boys are sitting behind the third.,politeness,none,none,none,playful,none,to be in charge,to be playing,happy,to play
they are smiling and clapping.,politeness,none,none,none,happy,none,to show his joy,none,happy,to congratulate them
the third boy is rising from his seat.,politeness,none,none,none,restless,gets up,to stand up,to stand up,good,to leave
he is smiling.,politeness,none,none,none,happy,none,none,none,happy,to smile
the girl is in the chair beside him she is also smiling and clapping.,politeness,none,happy,to smile,friendly,none,to show their approval,none,happy,to make a speech
