sentence,principle,oEffect,oReact,oWant,xAttr,xEffect,xIntent,xNeed,xReact,xWant
there are two boys standing by a door that has a sign that says debate contest.,cooperation,none,none,none,curious,none,none,none,none,to win
he has a first place medal in his hand.,cooperation,none,none,none,proud,gets a trophy,to win,to train hard,proud,to celebrate
the second boy is smiling and his arms are up in the air.,cooperation,none,none,none,playful,none,to play,none,happy,to run
the second boy has a yellow book bag on his back.,cooperation,none,none,none,careless,none,none,none,happy,to read the book
the door behind the boys is opened.,cooperation,none,none,to go inside,rude,none,to let them in,to be in the wrong room,good,to let them in
