sentence,principle,oEffect,oReact,oWant,xAttr,xEffect,xIntent,xNeed,xReact,xWant
there are two boys.,friendliness,none,none,none,young,none,none,none,happy,to grow up
the first is looking down and has his arms crossed.,friendliness,none,none,none,defensive,none,to be in control,none,angry,to walk away
the boy is frowning.,friendliness,none,none,none,annoyed,none,none,none,annoyed,to get away from the boy
the second boy is saying something to the first.,friendliness,none,none,to listen,social,gets yelled at,to be heard,none,happy,to get a response
he is frowning and gesturing with his hands.,friendliness,none,none,none,annoyed,none,to show frustration,none,annoyed,to show off
the boys have bookbags on their backs.,friendliness,none,none,none,sneaky,none,to be prepared,none,happy,to keep the books
there is a house behind the boys.,friendliness,none,none,none,sneaky,none,none,none,happy,to move out
they are standing on the sidewalk.,friendliness,none,none,none,brave,gets hurt,to be noticed,none,happy,to get to their destination
there is a fence behind the boys.,friendliness,none,none,none,mean,none,none,none,happy,to keep the fence
