sentence,principle,oEffect,oReact,oWant,xAttr,xEffect,xIntent,xNeed,xReact,xWant
there is a woman she is standing in a classroom.,politeness,none,none,none,curious,gets scolded,none,to go to class,nervous,to learn
"a boy and girl in front her have their hands raised , they are both smiling.",politeness,none,none,none,playful,none,none,none,happy,to be a good parent
the children behind them also have their hands raised.,politeness,none,none,to be left alone,dominant,none,to be a good parent,to be a teacher,happy,to be a good parent
the woman has a yellow folder in her hand.,politeness,none,none,none,curious,none,to read,none,nervous,to read the folder
the yellow folder has paper in it.,politeness,none,none,none,smart,none,to read,none,smart,to read the paper
the boy has a notebook on his desk.,politeness,none,none,none,studious,none,to write,to have a notebook,happy,to read
the boy has a pencil in his hand.,politeness,none,none,none,studious,none,to write,none,smart,to write something down
the girl has a red notebook on her desk.,politeness,none,none,none,nerdy,none,to write,to have a notebook,nervous,to write on the notebook
