sentence,principle,oEffect,oReact,oWant,xAttr,xEffect,xIntent,xNeed,xReact,xWant
there are two boys.,humility,none,none,none,young,none,none,none,happy,to grow up
the first boy is standing in the doorway of his house.,humility,none,none,none,curious,gets yelled at,to be in the house,to walk to the door,happy,to go inside
the second boy is standing in the doorway.,humility,none,none,none,curious,none,none,none,happy,to say hello
he is saying something to the first and is gesturing with one hand.,humility,none,none,none,expressive,gets yelled at,to be noticed,none,satisfied,to get attention
he has the other hand over his heart.,humility,none,none,to be left alone,mean,none,to be mean,none,guilty,to be a good person
there are flowers around the porch.,humility,none,none,none,romantic,none,none,none,happy,to get a drink
there is a black rail attached to the porch.,humility,none,none,none,active,none,none,none,happy,to get a new house
