sentence,principle,oEffect,oReact,oWant,xAttr,xEffect,xIntent,xNeed,xReact,xWant
there are two boys and two girls sitting at a table.,cooperation,none,none,none,young,none,none,none,happy,to eat
"there are plates cups , forks , napkins and a large pitcher of lemonade.",cooperation,none,none,none,thirsty,none,to be polite,to get out the cups,full,to drink the lemonade
one of the boys is holding a plate of hamburgers out to the girl.,cooperation,none,happy,to eat,generous,gets yelled at,to be nice,to grab the plate,happy,to eat
a woman is walking over with a large half of a watermelon in hers hands.,cooperation,none,none,none,brave,gets sweaty,to be a part of the crowd,to be in a bar,happy,to get a drink
there is a barn behind them.,cooperation,none,none,none,sneaky,none,none,none,safe,to be in the barn
there are sitting outside.,cooperation,none,none,none,relaxed,gets cold,to be outdoors,to go outside,relaxed,to go inside
the watermelon has a utensil in it.,cooperation,none,none,none,hungry,none,to eat,none,satisfied,to eat
the girl is reaching for the plate.,cooperation,none,none,none,eager,gets dirty,to eat,to be hungry,happy,to eat
