sentence,principle,oEffect,oReact,oWant,xAttr,xEffect,xIntent,xNeed,xReact,xWant
there are two boys standing in the theatre.,caution,none,none,none,young,none,none,none,happy,to be entertained
the first is walking away from his seat.,caution,none,none,none,annoyed,gets yelled at,to leave,none,relieved,to sit down
there are napkins and loose kernels trailing behind him.,caution,none,none,none,careless,none,none,none,sad,to get a drink
in the seat is a large bucket of popcorn and a large cup of soda.,caution,none,none,none,fat,none,to be entertained,to buy popcorn,satisfied,to eat
the second boy is looking at him.,caution,none,none,none,curious,none,to be noticed,none,curious,to talk to the boy
he is holding his empty bucket of popcorn and is putting his cup inside it.,caution,none,none,none,careful,none,to be careful,to have a bucket,satisfied,to clean up
