sentence,principle,oEffect,oReact,oWant,xAttr,xEffect,xIntent,xNeed,xReact,xWant
there are two boys.,self-care,none,none,none,young,none,none,none,happy,to grow up
they are laying on a pile of rocks.,self-care,none,none,none,careless,gets hurt,none,none,sad,to get up
they are looking down at a large toad resting on one of the rocks below.,self-care,none,none,none,curious,gets a splinter,none,none,sad,to get up
there is a little river beside the toad.,self-care,none,none,none,adventurous,none,none,none,happy,to swim
