sentence,principle,oEffect,oReact,oWant,xAttr,xEffect,xIntent,xNeed,xReact,xWant
there is a boy and a girl.,humility,none,none,none,young,none,none,none,happy,to have a baby
the boy is standing behind a pair of blue bins labeled recycle.,humility,none,none,none,careless,none,none,none,happy,to get out of the way
beside the bin is a large pillar labeled recycle.,humility,none,none,none,determined,none,none,none,satisfied,to clean up
the girl is standing in front of a pair of green bins that are labeled trash.,humility,none,none,none,curious,none,none,none,annoyed,to clean them up
behind her is a pillar labeled trash.,humility,none,none,none,untrustworthy,none,none,none,like trash,to be a trash man
she is holding a plastic bag in her hand.,humility,none,none,none,careful,none,to hide something,none,happy,to put the bag in the bag
the boy is smiling.,humility,none,none,none,friendly,none,none,none,happy,to smile
the girl is smiling.,humility,none,happy,none,friendly,none,none,none,happy,to kiss her
there are posters hanging from the ceiling.,humility,none,none,none,artistic,none,to decorate,none,happy,to sell them
