sentence,principle,oEffect,oReact,oWant,xAttr,xEffect,xIntent,xNeed,xReact,xWant
there is a boy.,cleanliness,none,none,none,young,none,none,none,happy,to grow up
he is leaning down to pick up some pens.,cleanliness,none,none,none,curious,gets yelled at,to write,none,satisfied,to put the pen down
he has a soccer ball under one arm.,cleanliness,none,none,none,athletic,gets hit,to play soccer,to have a ball,happy,to play soccer
on the table is a lamp and a cup that is tipped over.,cleanliness,none,none,none,careless,none,none,none,happy,to clean up
there are some books under the nightstand.,cleanliness,none,none,none,lazy,none,none,to be reading,happy,to read
the boy is kneeling in front of a pink couch.,cleanliness,none,none,none,humble,gets dirty,to be respectful,to walk to the couch,happy,to get up
there is a paper drawing on the table.,cleanliness,none,none,none,creative,none,none,none,happy,to draw something else
