sentence,principle,oEffect,oReact,oWant,xAttr,xEffect,xIntent,xNeed,xReact,xWant
the guys are getting food.,courtesy,none,none,none,hungry,eats,to eat,to go to the store,satisfied,to eat
the cook is smiling.,courtesy,none,none,none,happy,none,none,none,happy,to eat
there is a boat in the window.,courtesy,none,none,none,curious,none,none,none,happy,to go fishing
the boys have sandwiches on there plate.,courtesy,none,none,none,hungry,gets dirty,to eat,to have a plate,full,to eat
the boy in the green shirt has a spoon.,courtesy,none,none,none,hungry,none,to eat,to go to the kitchen,happy,to eat the food
the two guys are in a buffet line.,courtesy,none,none,none,hungry,gets thirsty,to eat,to go to the buffet,hungry,to eat
there are trays full of food and plates lining the table.,courtesy,none,none,none,full,gets dirty,none,to be hungry,full,to eat
the boy is putting some of the apple and pepper chutney onto the other boys plate.,courtesy,none,none,to eat the food,generous,gets dirty,to eat,to have a knife,satisfied,to eat the food
both of the boys are smiling.,courtesy,none,none,none,friendly,none,none,none,happy,to be happy
