sentence,principle,oEffect,oReact,oWant,xAttr,xEffect,xIntent,xNeed,xReact,xWant
there is a boy he is in a classroom.,courtesy,none,none,none,young,learns a lot,none,none,happy,to learn
there is a dry erase board behind him.,courtesy,none,none,none,smart,none,none,none,happy,to clean up
there are words on the dry erase board as well as a sticky note in the top.,courtesy,none,none,none,careless,none,none,none,bad,to write a note
the boy is walking away from the dry erase board.,courtesy,none,none,none,determined,none,to be alone,none,relieved,to get a new teacher
there is a lamp on the desk.,courtesy,none,none,none,bright,none,none,none,happy,to read
the boy has a blue bookbag on.,courtesy,none,none,none,careless,none,to be prepared,none,happy,to read
the boy is grinning.,courtesy,none,none,none,happy,none,none,none,happy,to smile
