sentence,principle,oEffect,oReact,oWant,xAttr,xEffect,xIntent,xNeed,xReact,xWant
there is a boy sitting at a desk.,politeness,none,none,none,young,none,none,none,happy,to play
there is a woman standing in front of him.,politeness,none,none,none,attractive,none,none,none,happy,to talk to him
"the boy has a notebook opened at his desk and a pencil in his hand , he.",politeness,none,none,none,studious,none,to write,to have a pencil,prepared,to write
beside him is a poster of a valley with a river running through it and a snow.,politeness,none,none,none,adventurous,none,none,none,happy,snow
