sentence,principle,oEffect,oReact,oWant,xAttr,xEffect,xIntent,xNeed,xReact,xWant
the son is throwing stuff out his closet.,cleanliness,none,none,none,mean,gets yelled at,to be mean,to have a son,angry,to clean up
the dad is holding towels.,cleanliness,none,none,none,helpful,none,to dry off,to get towels,good,to dry off
the dad is looking at his son.,cleanliness,none,none,to talk,curious,none,to see his son,none,happy,to hug him
the boys on his knees.,cleanliness,none,none,none,caring,none,to be respectful,none,happy,to get up
thee boys mouth is agape.,cleanliness,none,none,none,shocked,none,none,none,shocked,to get away from the situation
he is reaching into the closet.,cleanliness,none,none,none,curious,finds something,to find something,to open the closet,curious,to find something
"he is tossing out socks , baseballs , tennis balls , flipflops out of the closet.",cleanliness,none,none,none,careless,and down,to play,none,tired,to play a game
the father is frowning.,cleanliness,none,none,none,angry,none,none,none,upset,to cry
