sentence,principle,oEffect,oReact,oWant,xAttr,xEffect,xIntent,xNeed,xReact,xWant
the man is wearing a mask.,patience,none,none,none,secretive,gets caught,to hide,to put on the mask,safe,to hide
the boy is nt wearing a mask.,patience,none,none,none,careful,gets yelled at,to be safe,none,safe,to be safe
the barber has a comb in his hand.,patience,none,none,none,clean,gets a cut,to have a clean hair,to have a comb,clean,to brush their hair
the boy is looking at a book.,patience,none,none,none,curious,none,to learn,none,interested,to read
the man is holding an ipad.,patience,none,none,none,careful,none,to play games,to have a ipad,happy,to turn it on
the boy is sitting on a bench by the door.,patience,none,none,none,bored,gets dirty,to be alone,to walk to the door,happy,to go to the park
there is a plant by the door.,patience,none,none,none,healthy,none,none,none,happy,to get a drink
it is sunny outside.,patience,none,none,none,relaxed,gets sunburnt,none,none,happy,to go outside
