sentence,principle,oEffect,oReact,oWant,xAttr,xEffect,xIntent,xNeed,xReact,xWant
the friend by the door is waving.,friendliness,none,none,to say hello,friendly,none,to greet someone,to walk to the door,happy,to say hello
the friends are wearing the same shirt.,friendliness,none,none,none,stylish,gets complimented,to be comfortable,to buy the shirt,happy,to go out
the shirts have rhinos.,friendliness,none,none,none,crazy,none,to be fashionable,none,happy,to buy new shirts
there are skates in the closet.,friendliness,none,none,none,playful,gets cold,to have fun,to go to the closet,happy,to go to the rink
the boys are holding hockey sticks.,friendliness,none,none,none,athletic,gets sweaty,to play hockey,to go to the park,happy,to play hockey
there is a duffel bag in front of the boy.,friendliness,none,none,none,careless,none,none,none,happy,to go to the store
the boy is peeking around the corner.,friendliness,none,none,none,curious,gets caught,to be sneaky,none,sneaky,to get away
the boy is smiling.,friendliness,none,none,none,friendly,none,none,none,happy,to smile
