sentence,principle,oEffect,oReact,oWant,xAttr,xEffect,xIntent,xNeed,xReact,xWant
the boy is throwing candy in his mouth.,law-abiding,none,none,none,childish,chews candy,to eat candy,to be hungry,happy,to eat candy
the mother is by the scale.,law-abiding,none,none,none,responsible,none,to be healthy,none,happy,to eat
the mother is smiling.,law-abiding,none,none,none,happy,none,none,none,happy,to be happy
the mom has on a purse.,law-abiding,none,none,none,rich,none,to be prepared,to buy a purse,happy,to go to the store
the boy is reaching into a bin of pink candy.,law-abiding,none,none,none,greedy,gets dirty,to have fun,none,happy,to eat the candy
there are containers of candy lining the walls.,law-abiding,none,none,none,careless,gets dirty,none,none,happy,to eat candy
the mom is smiling.,law-abiding,none,none,none,happy,none,none,none,happy,to hug
