sentence,principle,oEffect,oReact,oWant,xAttr,xEffect,xIntent,xNeed,xReact,xWant
the classmates are at the fountain.,patience,none,none,none,curious,gets splashed with water,to have fun,to go to the fountain,happy,to have fun
the boy pressing the button.,patience,none,none,none,impatient,none,to be in control,none,satisfied,to get it done
the girl is looking a the boy.,patience,none,none,none,curious,gets kissed,to find a girl,none,happy,to ask the boy out
the girl is holding a book.,patience,none,none,none,studious,none,to read,none,interested,to read
the girl is smiling.,patience,none,happy,none,friendly,none,none,none,happy,to kiss her
the girl is also holding.,patience,none,none,none,caring,none,to hold the girl,none,happy,to hold the girl
a green and yellow pencil.,patience,none,none,none,creative,none,to make a good impression,none,happy,to write a note
the boy is pressing down on the button for the water fountain.,patience,none,none,none,determined,none,to be in control,none,happy,to get the water flowing
the boy is saying something.,patience,none,none,none,talkative,none,to be heard,none,heard,to get attention
