sentence,principle,oEffect,oReact,oWant,xAttr,xEffect,xIntent,xNeed,xReact,xWant
the girl is frowning.,patience,none,none,none,annoyed,none,none,none,annoyed,to get away from the girl
the boy in the red shirt is smiling.,patience,none,none,none,happy,none,none,none,happy,to say hello
the boy in the green shirt frowning.,patience,none,none,none,mean,none,none,none,annoyed,to get away from the boy
he has one hand on his forehead.,patience,none,none,none,nervous,gets sweaty,none,none,nervous,to get a massage
he is sitting at his desk.,patience,none,none,none,lazy,none,to work,to have a desk,tired,to work
he is holding a piece of paper in his hand.,patience,none,none,none,curious,none,to read a letter,none,nervous,to read the paper
he is frowning.,patience,none,none,none,annoyed,none,none,none,annoyed,to look at something else
there is also an open notebook and a pencil on his desk.,patience,none,none,none,studious,none,to write,none,smart,to write
