sentence,principle,oEffect,oReact,oWant,xAttr,xEffect,xIntent,xNeed,xReact,xWant
"there are two boys and one girl , they all have books in there hands , behind.",friendliness,none,none,none,studious,and behind,to read,none,smart,to read
the first boy is smiling and holding out his hand to the second boy who is also.,friendliness,none,happy,to say hello,friendly,gets a handshake,to shake hands,to be holding hands,happy,to shake hands
the girl is also smiling.,friendliness,none,happy,none,friendly,none,none,none,happy,to smile
the boy is reaching out his hand towards the other boy.,friendliness,none,happy,to say hello,friendly,gets excited,to be touched,to be near the boy,happy,to shake hands
the girl is holding the books close.,friendliness,none,none,none,studious,gets yelled at,to read,to be holding books,good,to read
to her chest.,friendliness,none,none,none,aroused,none,to be intimate,none,aroused,to be intimate
the other boy is holding the book close to his chest.,friendliness,none,none,none,secretive,none,to hide something,to be holding a book,happy,to read
