sentence,principle,oEffect,oReact,oWant,xAttr,xEffect,xIntent,xNeed,xReact,xWant
the boy in the red.,attentiveness,none,none,none,brave,none,none,none,happy,to get a drink
shirt has his shoulders up.,attentiveness,none,none,none,confident,none,none,none,happy,to be successful
the boy in the red shirt is holding a piece of paper in his hand.,attentiveness,none,none,none,curious,none,to read the paper,none,happy,to read the paper
he is frowning.,attentiveness,none,none,none,annoyed,none,none,none,annoyed,to look at something else
the boy in the white and blue shirt is frowning.,attentiveness,none,none,none,mean,none,none,none,annoyed,to get away from the boy
he is holding a piece of paper that reads a good job at the top.,attentiveness,none,none,none,intelligent,none,to be a good employee,none,accomplished,to write a letter
