sentence,principle,oEffect,oReact,oWant,xAttr,xEffect,xIntent,xNeed,xReact,xWant
the boy is drying a ball.,cleanliness,none,none,none,playful,gets wet,to play,to get a towel,happy,to play with the ball
there are white towels behind him.,cleanliness,none,none,none,clean,none,none,none,clean,to dry off
the boy is smiling.,cleanliness,none,none,none,friendly,none,none,none,happy,to smile
the boy his dark blue eyes.,cleanliness,none,none,none,caring,none,to be a good person,none,happy,to be a good son
the basketball is covered in dirt.,cleanliness,none,none,none,dirty,gets dirty,none,to be outside,dirty,to get out of the mud
he is rubbing the basketball with the towel.,cleanliness,none,none,none,playful,gets sweaty,to be dry,to get the towel,tired,to get a drink
there is a mirror and a sink behind him.,cleanliness,none,none,none,reflective,none,none,none,satisfied,to clean up
the boy is in the bathroom.,cleanliness,none,none,none,scared,none,to be alone,to go to the bathroom,relieved,to wash his hands
