sentence,principle,oEffect,oReact,oWant,xAttr,xEffect,xIntent,xNeed,xReact,xWant
the boy is selling candy the boy is smiling at the man.,humility,none,happy,to eat candy,friendly,none,to be funny,none,happy,to make a sale
there a purple lamp by the window the candy is 3.,humility,none,none,none,happy,none,none,none,happy,to eat the candy
the candy is in a red and blue box.,humility,none,none,none,childish,gets dirty,none,none,happy,to eat candy
the father is sitting on a sofa.,humility,none,none,none,tired,gets tired,to be alone,to walk to the sofa,happy,to talk to father
he is wearing a dark blue sweater.,humility,none,none,none,cold,gets cold,to be warm,to put on a coat,warm,to go outside
the boy is gesturing to the box of candy.,humility,none,none,none,playful,gets candy,to get the candy,none,happy,to eat the candy
the father is holding a ipad.,humility,none,none,none,caring,gets yelled at,to play games,to buy a ipad,happy,to play with it
