sentence,principle,oEffect,oReact,oWant,xAttr,xEffect,xIntent,xNeed,xReact,xWant
the boy is frowning.,politeness,none,none,none,annoyed,none,none,none,annoyed,to get away from the boy
the mother is reaching toward her son.,politeness,none,loved,to hug personx,caring,gets yelled at,to be affectionate,to be near her son,happy,to hug her son
the boy is shrugging his showers.,politeness,none,none,none,careless,none,none,none,indifferent,to be left alone
there a picture on the wall.,politeness,none,none,none,curious,none,none,to have a picture,happy,to show it to someone
there is a blue bookbag hanging on the boys arm.,politeness,none,none,none,careless,none,none,none,happy,to get a new book
the boy is looking down.,politeness,none,none,none,curious,none,to be alone,none,curious,to get up
the mother is covering her mouth with her hand.,politeness,none,none,none,embarrassed,none,to hide something,none,embarrassed,to hide
