sentence,principle,oEffect,oReact,oWant,xAttr,xEffect,xIntent,xNeed,xReact,xWant
the friends are at the theater.,friendliness,none,none,none,outgoing,gets tired,to have fun,to drive to the theater,happy,to go home
the boy in blue his a dog.,friendliness,none,none,none,caring,none,to be a good pet owner,to go to the dog park,happy,to feed the dog
the boy in the white shirt has popcorn.,friendliness,none,none,none,hungry,gets dirty,to eat,to buy popcorn,happy,to eat the popcorn
the boy we the drink is smiling.,friendliness,none,none,none,friendly,none,none,none,happy,to smile
the boy in the white shirt is looking at the dog.,friendliness,none,none,none,curious,gets licked,to see the dog,none,happy,to pet the dog
the dog has a vest that says service dog in training.,friendliness,none,none,none,responsible,none,to be a good dog,to buy a vest,happy,to get paid
he is saying something to the boy with the dog.,friendliness,none,none,to listen to personx,friendly,gets scolded,to communicate,none,happy,to get the boy 's attention
there are movie posters lining the walls behind them.,friendliness,none,none,none,bored,none,to be entertained,none,entertained,to get a good deal
