sentence,principle,oEffect,oReact,oWant,xAttr,xEffect,xIntent,xNeed,xReact,xWant
"there is a boy , a girl and a man , they are in a classroom.",respect,none,none,none,young,none,none,none,happy,to learn more
the man has his back to the class and is writing something on the board.,respect,none,none,none,studious,gets scolded,to be noticed,to be a teacher,nervous,to get a good grade
the boy is turned back in his chair and is saying something to the girl.,respect,none,none,to listen,confused,gets yelled at,to be heard,to be sitting down,sad,to leave
there is a stack of papers on his desk.,respect,none,none,none,hardworking,none,none,none,anxious,to read the papers
the boy has his hand close to his mouth.,respect,none,none,none,mean,none,to be secretive,none,embarrassed,to be quiet
the boy is frowning.,respect,none,none,none,annoyed,none,none,none,annoyed,to get away from the boy
