sentence,principle,oEffect,oReact,oWant,xAttr,xEffect,xIntent,xNeed,xReact,xWant
the boy has his hands on his face.,self-care,none,none,none,playful,gets slapped,to hide something,none,embarrassed,to run away
the mother is frowning.,self-care,none,none,none,angry,none,none,none,sad,to cry
the waitress is taking orders.,self-care,none,none,none,responsible,gets a tip,to serve,to be a waitress,helpful,to serve the food
there s a menu on the table.,self-care,none,none,none,organized,none,to be informed,none,satisfied,to eat
the mother is holding a cup of coffee.,self-care,none,none,none,tired,gets thanked,to be helpful,to pour the coffee,happy,to drink
she is looking at the waitress.,self-care,none,none,none,curious,gets a tip,to find out what the menu is,none,interested,to order a drink
the waitress is bent over looking at the boy.,self-care,none,none,none,curious,none,none,none,interested,to ask the boy a question
they are sitting in a booth.,self-care,none,none,none,bored,gets hungry,to eat,to go to the table,happy,to order a drink
there is a drink on the table.,self-care,none,none,none,thirsty,gets drunk,to have a drink,to buy a drink,happy,to drink more
