sentence,principle,oEffect,oReact,oWant,xAttr,xEffect,xIntent,xNeed,xReact,xWant
the friends are at the park.,friendliness,none,none,none,social,gets exercise,to have fun,to drive to the park,happy,to have fun
the boys are smiling.,friendliness,none,none,none,friendly,none,none,none,happy,to be happy
there s a girl with the boys.,friendliness,none,happy,to go out,caring,gets kissed,none,none,happy,to have a baby
the sky is blue.,friendliness,none,none,none,calm,none,none,none,happy,to go to the beach
they are all wearing silver bands around their waists and yellow tags hanging from it.,friendliness,none,none,none,flashy,none,none,to buy a ring,happy,to show off their rings
the boy in the red shirt is looking at the girl and saying something.,friendliness,none,none,to say something back,interested,gets yelled at,to be noticed,none,happy,to say something
