sentence,principle,oEffect,oReact,oWant,xAttr,xEffect,xIntent,xNeed,xReact,xWant
the boy is ordering from a menu.,self-care,none,none,none,hungry,gets a receipt,to eat,to have money,hungry,to eat
the waiter has grey hair.,self-care,none,none,none,ugly,gets dirty,none,none,attractive,to wash their hair
the boy and the waiter are smiling at one another.,self-care,none,happy,to smile back,friendly,none,none,none,happy,to eat
there is a glass of water on the table.,self-care,none,none,none,thirsty,none,none,to pour the water,satisfied,to drink the water
the waiter is wearing a black shirt and an apron.,self-care,none,none,none,hungry,gets dirty,to cook,to put on the apron,proud,to serve the food
he has a notepad and pencil in his hand.,self-care,none,none,none,prepared,writes,to write,to have a pen,prepared,to write
the boy is sitting in a booth.,self-care,none,none,none,bored,gets hungry,to eat,to walk to the booth,happy,to eat
