sentence,principle,oEffect,oReact,oWant,xAttr,xEffect,xIntent,xNeed,xReact,xWant
the boy in the green shirt is smiling.,enthusiasm,none,none,none,friendly,none,none,none,happy,to be a good friend
the teacher is sitting down.,enthusiasm,none,none,none,tired,none,to listen,none,satisfied,to teach
they are in a classroom.,enthusiasm,none,none,none,curious,learns something,to learn,to go to class,interested,to learn
test today is written on the board.,enthusiasm,none,none,none,smart,none,none,none,nervous,to write a report
the boy is holding up a piece on paper.,enthusiasm,none,none,none,smart,none,to be helpful,to have a piece,smart,to read the paper
the teacher is looking at the boy.,enthusiasm,none,none,to listen to personx,curious,none,to see the boy,none,interested,to teach
the boy is smiling.,enthusiasm,none,none,none,friendly,none,none,none,happy,to smile
"there are pens , stacks and notebooks on her desk.",enthusiasm,none,none,none,careless,none,none,none,bored,to write
she is holding a piece of paper in her hand.,enthusiasm,none,none,none,curious,none,to read a letter,none,nervous,to read the paper
