sentence,principle,oEffect,oReact,oWant,xAttr,xEffect,xIntent,xNeed,xReact,xWant
the boy in the green shirt is waving at his friend.,attentiveness,none,happy,to say hello,friendly,gets yelled at,to be friendly,none,happy,to say hello
the boy in the red shirt is pointing at the water.,attentiveness,none,none,none,curious,gets splashed,to be noticed,none,happy,to swim
it s a.,attentiveness,none,none,none,proud,none,none,none,happy,to be successful
wood fence around the garden.,attentiveness,none,none,none,helpful,gets exercise,to be helpful,to get a fence,happy,to plant flowers
there are towels hanging on a line.,attentiveness,none,none,none,wet,gets wet,to dry off,to go to the beach,wet,to dry off
the boy has a hose in his hand.,attentiveness,none,none,none,helpful,none,to use the hose,none,happy,to wash the hose
the hand is spraying water on the towels.,attentiveness,none,none,none,careless,gets wet,to be mean,to get the towel,embarrassed,to clean up
there is water dripping from the vegetable garden.,attentiveness,none,none,none,responsible,gets dirty,none,to have a garden,sad,to clean up the mess
