sentence,principle,oEffect,oReact,oWant,xAttr,xEffect,xIntent,xNeed,xReact,xWant
the boy is smiling.,cleanliness,none,none,none,friendly,none,none,none,happy,to smile
the boy is cleaning.,cleanliness,none,none,none,responsible,gets dirty,to be helpful,to get cleaning supplies,tired,to clean up
the boy is reaching for his socks.,cleanliness,none,none,none,greedy,gets yelled at,to be helpful,none,satisfied,to put them on
there a brown dresser in the room.,cleanliness,none,none,none,tidy,none,to have a clean room,to go to the store,happy,to clean up
he has a blue vacuum cleaner in his hand.,cleanliness,none,none,none,clean,gets dirty,to clean up,to have a vacuum cleaner,clean,to clean up
there is a window beside his bed.,cleanliness,none,none,none,lazy,none,none,none,happy,to sleep
