sentence,principle,oEffect,oReact,oWant,xAttr,xEffect,xIntent,xNeed,xReact,xWant
the girl in purple is frowning.,humility,none,none,none,mean,none,none,none,annoyed,to get away from the girl
the boy with brown hair is slashing the water.,humility,none,none,none,mean,gets wet,to be a good swimmer,none,happy,to clean up the mess
the kids are at the pool.,humility,none,happy,none,playful,gets exercise,to have fun,to go to the pool,happy,to have fun
there is a beach ball in the pool.,humility,none,none,none,playful,gets exercise,to have fun,to go to the pool,happy,to have fun
the boy with the red hair is pointing at the girl.,humility,none,none,to run away,curious,gets yelled at,to be noticed,none,happy,to ask the girl out
he is frowning and saying something to the girl.,humility,none,none,to listen to personx,mean,gets yelled at,to be heard,none,satisfied,to get her attention
the girl in the purple ahs a pink and orange towel.,humility,none,none,none,playful,gets wet,to be a good friend,to be in the shade,happy,to dry off
