sentence,principle,oEffect,oReact,oWant,xAttr,xEffect,xIntent,xNeed,xReact,xWant
"the friends are at the lake , the boy with brown hair.",friendliness,none,none,none,outgoing,gets dirty,to have fun,to go to the lake,happy,to have fun
has his eyes closed.,friendliness,none,none,none,scared,none,to be alone,none,relieved,to sleep
the.,friendliness,none,none,none,determined,none,to be a good friend,none,happy,to get a drink
boy with orange hair is frowning.,friendliness,none,none,none,ugly,none,none,none,happy,to look different
they are carrying fishing poles.,friendliness,none,none,none,capable,gets dirty,to catch fish,to get poles,tired,to catch fish
the boy with the brown hair has his face in his elbow.,friendliness,none,none,none,mean,none,none,none,embarrassed,to be alone
he is holding a box.,friendliness,none,none,none,careful,gets dirty,to keep something,to open the box,happy,to put the box in the box
the boy in the white shirt is wearing a vest.,friendliness,none,none,none,stylish,gets caught,to be warm,to put on a shirt,happy,to be warm
his fishing rod is over his shoulder.,friendliness,none,none,none,careless,gets caught,to catch fish,to get fishing rod,happy,to catch fish
