sentence,principle,oEffect,oReact,oWant,xAttr,xEffect,xIntent,xNeed,xReact,xWant
the boy sitting on the pouch is frowning.,humility,none,none,none,mean,none,none,none,sad,to be a good teacher
the boy standing up is smiling.,humility,none,none,none,happy,none,none,none,happy,to be happy
the parents are looking at there son.,humility,none,none,to talk to personx,curious,none,to see his child,none,happy,to give him a hug
the mom is holding food bags.,humility,none,none,none,caring,gets dirty,to eat,to go to the store,hungry,to eat
there is a white gate behind them.,humility,none,none,none,beautiful,none,none,none,happy,to get out of the way
there is a black car.,humility,none,none,none,average,none,none,none,sad,to get a new car
the boy is pointing over his shoulder.,humility,none,none,none,curious,none,to show something,none,curious,to tell the boy to be quiet
