sentence,principle,oEffect,oReact,oWant,xAttr,xEffect,xIntent,xNeed,xReact,xWant
the boy is sneezing into his arm.,empathy ,none,none,none,silly,gets a tissue,none,none,embarrassed,to get a tissue
the boy in the white shirt is looking at the boy in to green.,empathy ,none,none,none,curious,none,none,none,happy,to talk to the boy
the girl is holding popcorn.,empathy ,none,none,none,hungry,gets dirty,to eat popcorn,to buy popcorn,happy,to eat
the friends are in the theater.,empathy ,none,none,none,outgoing,gets tired,to be entertained,to go to the theater,happy,to go home
the boy in the white shirt is holding a drink.,empathy ,none,none,none,thirsty,gets thirsty,to drink,to be holding a drink,happy,to drink the drink
they are walking down stairs.,empathy ,none,none,none,active,gets exercise,to get to the bottom,to get up,tired,to go to the store
the girl is looking at the boy in green.,empathy ,none,none,to smile,curious,smiles,to be noticed,none,happy,to flirt
she is smiling.,empathy ,none,none,none,happy,none,none,none,happy,to smile
