sentence,principle,oEffect,oReact,oWant,xAttr,xEffect,xIntent,xNeed,xReact,xWant
the boys are in the bed.,friendliness,none,none,none,lazy,none,none,to be in bed,happy,to sleep
the tv is in front of them.,friendliness,none,none,none,engaged,none,to be entertained,to have a tv,happy,to watch the show
the boy with glasses is frowning.,friendliness,none,none,none,confused,none,none,none,sad,to get a new pair
the boy in green is smiling.,friendliness,none,none,none,friendly,none,none,none,happy,to smile
there is a couch and a lamp behind them.,friendliness,none,none,none,comfortable,none,none,none,comfortable,to sit down
the tv is on.,friendliness,none,none,none,lazy,none,to be entertained,to turn on the tv,happy,to watch a show
