sentence,principle,oEffect,oReact,oWant,xAttr,xEffect,xIntent,xNeed,xReact,xWant
the boy is opening the door.,caution,none,none,none,polite,gets yelled at,to be polite,to walk to the door,good,to let the boy in
the boy is smiling.,caution,none,none,none,friendly,none,none,none,happy,to smile
the.,caution,none,none,none,determined,none,to be a good friend,none,happy,to get a drink
sky has dark clouds.,caution,none,none,none,gloomy,none,none,none,worried,to get a tan
there is lighting in the sky.,caution,none,none,none,curious,none,none,none,happy,to see the stars
the boy has on a red shirt.,caution,none,none,none,dirty,gets dirty,to be clothed,to put on the shirt,embarrassed,to put the shirt on
he has a basketball under one arm and is opening the door with the other.,caution,none,none,none,athletic,gets hit,to get out of the rain,to have a ball,happy,to go outside
