sentence,principle,oEffect,oReact,oWant,xAttr,xEffect,xIntent,xNeed,xReact,xWant
the boy in the green hoodie is eating popcorn.,respect,none,none,none,hungry,gets dirty,to eat,to buy popcorn,happy,to eat
the boy in the boy shirt is looking behind him.,respect,none,none,none,curious,none,to see what the boy is looking at,none,curious,to tell the boy to be quiet
the boy in the blue is frowning.,respect,none,none,none,annoyed,none,none,none,sad,to get away from the boy
the boy in the green has he s feet on the back of another seat.,respect,none,none,none,careless,none,none,none,happy,to sit down
the boy sitting beside the boy with the green shirt is frowning.,respect,none,none,none,mean,none,none,none,annoyed,to talk to the boy
they are sitting in a movie theatre.,respect,none,none,none,bored,gets bored,to be entertained,to go to the theater,entertained,to watch a movie
