sentence,principle,oEffect,oReact,oWant,xAttr,xEffect,xIntent,xNeed,xReact,xWant
the boy is sitting on the couch.,politeness,none,none,none,bored,gets yelled at,to be alone,to walk to the couch,relaxed,to get up
the boy is frowning.,politeness,none,none,none,annoyed,none,none,none,annoyed,to get away from the boy
the boy is holding a remote.,politeness,none,none,none,controlling,none,to be entertained,none,happy,to watch tv
the boy his on leg on the other.,politeness,none,none,none,mean,none,to be a good son,to be walking,happy,to get a new one
the boy is frowning.,politeness,none,none,none,annoyed,none,none,none,annoyed,to get away from the boy
he is gesturing towards the tv and saying something.,politeness,none,none,none,rude,gets yelled at,to be heard,none,satisfied,to get attention
there s a table with a potted plant behind him.,politeness,none,none,none,careless,none,none,none,happy,to get a drink
