sentence,principle,oEffect,oReact,oWant,xAttr,xEffect,xIntent,xNeed,xReact,xWant
the boy is on his cellphone.,respect,none,none,none,busy,none,to be informed,to have a cellphone,happy,to talk
the boy is sitting down.,respect,none,none,none,tired,none,to be alone,none,happy,to get up
the boy is on a plane.,respect,none,none,none,adventurous,none,to go somewhere,to buy a ticket,excited,to go to the airport
the boy is smiling.,respect,none,none,none,friendly,none,none,none,happy,to smile
there is a man in a blue shirt sitting in front of him.,respect,none,none,none,handsome,none,none,none,happy,to talk
outside the window are white clouds.,respect,none,none,none,blinded,none,none,none,sad,to get a tan
