sentence,principle,oEffect,oReact,oWant,xAttr,xEffect,xIntent,xNeed,xReact,xWant
"there is a boy and a girl , they are inside a store.",caution,none,none,none,young,none,to buy things,to be born,excited,to buy a gift
there are sales signs on the walls and on the rack displaying trains.,caution,none,none,none,successful,none,to sell something,none,satisfied,to sell them
"the boy is climbing the rack , he is reaching for something on the third shelf.",caution,none,none,none,determined,none,to get something,to be in the rack,accomplished,to get it
"the girl is standing behind him , she is frowning.",caution,none,none,none,mean,none,none,none,annoyed,to tell them something
there are toys on the rack.,caution,none,none,none,childish,none,none,none,happy,to play with them
the boy is holding onto the rack.,caution,none,none,none,strong,none,to be careful,none,happy,to get up
the boy is smiling.,caution,none,none,none,friendly,none,none,none,happy,to smile
