sentence,principle,oEffect,oReact,oWant,xAttr,xEffect,xIntent,xNeed,xReact,xWant
the boy is reaching for the honey.,politeness,none,none,none,greedy,gets a sugar rush,to get the honey,none,happy,to get the honey
the boy with glasses is frowning.,politeness,none,none,none,confused,none,none,none,sad,to get a new pair
the are pancakes on the table.,politeness,none,none,none,hungry,eats,to eat,to buy pancakes,full,to eat
there is orange juice on the table.,politeness,none,none,none,thirsty,none,none,none,satisfied,to clean up
the boy in the green shirt is pushing back his chair.,politeness,none,none,none,rude,gets yelled at,to get away,to be in the same room as the boy,happy,to get up
he is smiling.,politeness,none,none,none,happy,none,none,none,happy,to smile
