sentence,principle,oEffect,oReact,oWant,xAttr,xEffect,xIntent,xNeed,xReact,xWant
the boy in green is waving at the other boy.,cleanliness,none,happy,to say hello,friendly,none,to be friendly,none,happy,to say hello
the boy in green is smiling.,cleanliness,none,none,none,friendly,none,none,none,happy,to smile
the brown boy is frowning.,cleanliness,none,none,none,annoyed,none,none,none,annoyed,to get away from the situation
there are three books on the table.,cleanliness,none,none,none,studious,none,none,none,smart,to read
the boy in the blue shirt is pointing to the books scattered on the floor.,cleanliness,none,none,none,curious,none,to be a teacher,none,happy,to read
he is frowning and saying something to the boy in the green.,cleanliness,none,none,to ask personx a question,mean,none,to be heard,none,happy,to get the boy 's attention
the books on the shelf have fallen over.,cleanliness,none,none,none,careless,none,none,none,sad,to read
above the shelves it says adventure and science fiction.,cleanliness,none,none,none,smart,none,to be interesting,to be a scientist,happy,to be successful
