sentence,principle,oEffect,oReact,oWant,xAttr,xEffect,xIntent,xNeed,xReact,xWant
the mom is smiling.,friendliness,none,none,none,happy,none,none,none,happy,to hug
the girl is smiling the boy is smiling.,friendliness,none,happy,to smile back,friendly,none,none,none,happy,to be friends with the girl
there food on the table.,friendliness,none,none,none,hungry,gets full,to eat,to buy food,full,to eat
the girl in the pink shirt is looking at the boy in the red shirt.,friendliness,none,none,to smile,interested,blushes,none,none,happy,to ask the boy out
the boy in the red shirt is saying something and gesturing with his hands.,friendliness,none,none,none,silly,gets yelled at,to be noticed,none,happy,to get attention
there is a napkin holder and a salt and pepper shaker in the middle of the table.,friendliness,none,none,none,messy,none,to be a good cook,to have a knife,satisfied,to eat
