sentence,principle,oEffect,oReact,oWant,xAttr,xEffect,xIntent,xNeed,xReact,xWant
the mom is in a robe.,friendliness,none,none,none,spiritual,gets dirty,to be clothed,to go to the bathroom,happy,to go to bed
the dad is smiling.,friendliness,none,none,none,happy,none,none,none,happy,to be happy
the son is standing up there s food on the table.,friendliness,none,none,none,hungry,gets dirty,to eat,to be hungry,hungry,to eat
the father is wearing a grey shirt.,friendliness,none,none,none,old,gets complimented,to be fashionable,to put on the shirt,happy,to go to the party
the mom is smiling.,friendliness,none,none,none,happy,none,none,none,happy,to hug
