sentence,principle,oEffect,oReact,oWant,xAttr,xEffect,xIntent,xNeed,xReact,xWant
the friends are frowning.,friendliness,none,none,none,annoyed,none,none,none,annoyed,to be left alone
they are outside on a track field.,friendliness,none,none,none,athletic,gets exercise,to be active,to get dressed,happy,to run
the orange headed friend is pointing behind himself.,friendliness,none,none,none,curious,none,to be noticed,none,curious,to get to the destination
they have on the same gym suit.,friendliness,none,none,none,fit,gets exercise,to be healthy,to buy the suit,proud,to exercise
the them three kids are standing together on the track.,friendliness,none,none,none,caring,none,to be a good friend,to walk to the track,happy,to get a snack
the orange haired boys friend has his arms crossed.,friendliness,none,none,none,mean,none,to be mean,none,happy,to be mean
