sentence,principle,oEffect,oReact,oWant,xAttr,xEffect,xIntent,xNeed,xReact,xWant
the boy is running from the house.,patience,none,none,none,scared,gets sweaty,to get away,to be in the house,scared,to get away
the boys mouth is open.,patience,none,none,none,rude,none,to be rude,none,curious,to be heard
there s a puppy in the yard.,patience,none,none,none,playful,gets bitten,none,none,happy,to play with the puppy
the parents are outside.,patience,none,none,to give them a hug,curious,none,to be around his family,to be in the house,happy,to go to the store
the parents are standing behind the counter.,patience,none,none,none,scared,none,to be polite,none,nervous,to get a drink
they are both looking at the boy.,patience,none,none,none,curious,none,to be noticed,none,happy,to talk to the boy
the puppy is standing beside his food bowls.,patience,none,none,none,hungry,gets dirty,to eat,to be hungry,full,to eat
the boy has a yellow bookbag in his hand.,patience,none,none,none,careless,none,to be prepared,none,happy,to read the book
