sentence,principle,oEffect,oReact,oWant,xAttr,xEffect,xIntent,xNeed,xReact,xWant
the kids are in line.,friendliness,none,none,none,patient,gets yelled at,to get something,none,happy,to go home
there one girl in line.,friendliness,none,none,none,hopeful,gets a kiss,to be with someone,to go to the store,happy,to go home
the boys are smiling at each other.,friendliness,none,none,none,friendly,none,none,none,happy,to smile
the two boys are holding bottles in their hand.,friendliness,none,none,none,helpful,none,to be helpful,to grab the bottle,happy,to drink
