sentence,principle,oEffect,oReact,oWant,xAttr,xEffect,xIntent,xNeed,xReact,xWant
there is a boy and a girl they are sitting at a table.,respect,none,none,none,young,gets a kiss,none,none,happy,to eat
"the boy has his notebook open , he is closing the girls notebook.",respect,none,none,none,studious,gets yelled at,to read,to be a teacher,guilty,to read
"he is smiling , the girl is looking at the boy.",respect,none,none,to smile back,interested,none,none,none,happy,to flirt
they are in the classroom.,respect,none,none,none,studious,gets yelled at,to learn,to go to the classroom,bored,to learn
the boy knocks the pencil out the girls hand.,respect,none,hurt,to cry,mean,gets yelled at,to be a bully,to pick up the pencil,angry,to get a new pencil
there is something written in the boys notebook.,respect,none,none,none,smart,none,to be a writer,none,happy,to write more
the boy has a pencil sitting on his notebook.,respect,none,none,none,studious,none,none,none,nervous,to write
the girl has her hand on her notebook.,respect,none,none,none,helpful,gets caught,to be noticed,none,nervous,to read
