sentence,principle,oEffect,oReact,oWant,xAttr,xEffect,xIntent,xNeed,xReact,xWant
the boys are at the park.,friendliness,none,none,none,playful,gets exercise,to have fun,to get ready,happy,to play
they re eating at a bench.,friendliness,none,none,none,hungry,gets hungry,to eat,to go to the park,happy,to eat
there s a brown fence around them.,friendliness,none,none,none,mean,none,none,none,safe,to keep them safe
the girl is having juice.,friendliness,none,none,none,thirsty,gets thirsty,to be healthy,none,satisfied,to drink juice
the boy in the red shirt has a plate of pb j and fries in front.,friendliness,none,none,none,hungry,gets dirty,to eat,to go to the store,full,to eat
the boy sitting beside him has a sandwich and a salad on his plate.,friendliness,none,none,none,hungry,gets dirty,to eat,to go to the kitchen,full,to eat
he also has a cartoon of milk.,friendliness,none,none,none,hungry,none,to eat,to buy milk,happy,to eat the milk
