sentence,principle,oEffect,oReact,oWant,xAttr,xEffect,xIntent,xNeed,xReact,xWant
the father is watching his son.,cleanliness,none,happy,none,caring,none,to be a good parent,to be with son,happy,to be a good father
the boy in knelling down.,cleanliness,none,none,none,caring,none,to be a good son,none,happy,to get a drink
there s tools on the ground.,cleanliness,none,none,none,careless,none,none,none,tired,to clean up
there s tools on the wall.,cleanliness,none,none,none,careless,none,none,none,tired,to clean up
the tools on the table.,cleanliness,none,none,none,hardworking,none,to be helpful,none,satisfied,to get a new job
there are boxes under the table.,cleanliness,none,none,none,careless,none,none,none,sad,to clean up
there is a broom leaning against the table.,cleanliness,none,none,none,careless,none,none,none,tired,to clean up
there is another table in front of the boy.,cleanliness,none,none,to sit down,a table,none,none,none,happy,to sit down
there are nails falling off the table.,cleanliness,none,none,none,clumsy,gets scolded,none,none,sad,to clean up
