sentence,principle,oEffect,oReact,oWant,xAttr,xEffect,xIntent,xNeed,xReact,xWant
the teacher is frowning.,respect,none,none,none,annoyed,none,none,none,annoyed,to teach
the boy is throwing paper.,respect,none,none,none,careless,none,to be a good friend,none,happy,to throw more paper
the girl is frowning.,respect,none,none,none,annoyed,none,none,none,annoyed,to get away from the girl
there in a classroom.,respect,none,none,none,studious,gets yelled at,to learn,to go to class,interested,to learn
the are balls of paper on the desk and on the floor.,respect,none,none,none,careless,none,none,none,frustrated,to get up
the boy throwing the papers is looking behind him.,respect,none,none,none,curious,none,to be careful,none,curious,to catch the papers
the teacher is scratching his head.,respect,none,none,none,confused,gets scratched,to be noticed,none,confused,to ask for a quote
