sentence,principle,oEffect,oReact,oWant,xAttr,xEffect,xIntent,xNeed,xReact,xWant
the boy his a soccer ball.,friendliness,none,happy,none,athletic,gets hit by the ball,to play soccer,to go to the field,happy,to play soccer
the friends are in a park.,friendliness,none,none,none,social,gets exercise,to have fun,to go to the park,happy,to have fun
the brown boy is holding a towel the towel is yellow.,friendliness,none,none,none,wet,none,to dry the towel,none,clean,to dry off
the boy with the red hair is wearing a red and white soccer uniform.,friendliness,none,none,none,uniform,gets yelled at,to be a uniform,to put on the uniform,proud,to go to the game
they are walking across a soccer field.,friendliness,none,none,none,athletic,gets exercise,to get exercise,to get dressed,tired,to get exercise
there is a soccer net behind them.,friendliness,none,none,none,athletic,gets exercise,to be a team player,to be in a soccer field,happy,to win the game
