sentence,principle,oEffect,oReact,oWant,xAttr,xEffect,xIntent,xNeed,xReact,xWant
the friends are sitting on a bench.,friendliness,none,none,none,relaxed,gets tired,to be alone,to walk to the bench,happy,to have fun
the boy with glasses is frowning.,friendliness,none,none,none,confused,none,none,none,sad,to get a new pair
the boy with glassing is touching his sock.,friendliness,none,none,none,careless,none,none,none,happy,to get away
the in green is smiling.,friendliness,none,none,none,happy,none,none,none,happy,to smile
the is a blue duffel bag between the boys.,friendliness,none,none,none,mean,none,none,none,happy,to be a good friend
the boy in the green is smiling and pointing to his friend.,friendliness,none,happy,to laugh,friendly,none,to be funny,none,happy,to tell them something funny
