sentence,principle,oEffect,oReact,oWant,xAttr,xEffect,xIntent,xNeed,xReact,xWant
the boy as comic books on the table.,respect,none,none,none,comic,none,none,none,happy,to read
the boy has his hand on the light switch.,respect,none,none,none,curious,none,to be able to see,none,happy,to turn the light on
the boy is standing up.,respect,none,none,none,active,gets hurt,to get up,none,good,to go to the bathroom
the light is on in the hallway.,respect,none,none,none,aware,none,none,none,happy,to go to the bathroom
the is a board on the wall.,respect,none,none,none,ambitious,none,none,none,happy,to be a board member
there is a sticky note on the board that reads return comics to sam by friday.,respect,none,none,none,curious,none,none,none,happy,to read the message
