sentence,principle,oEffect,oReact,oWant,xAttr,xEffect,xIntent,xNeed,xReact,xWant
the boy is holding a book.,respect,none,none,none,studious,none,to read,none,interested,to read
the boy is smiling.,respect,none,none,none,friendly,none,none,none,happy,to smile
the friend his a grey hat.,respect,none,none,none,friendly,none,to be helpful,none,happy,to be a good friend
the friend has his shirt tucked in.,respect,none,none,none,fashionable,gets dirty,to be clothed,to have a shirt,happy,to look good
the book says the funniest moments in sports.,respect,none,none,none,funny,none,to be funny,to be in a sports field,happy,to laugh
