sentence,principle,oEffect,oReact,oWant,xAttr,xEffect,xIntent,xNeed,xReact,xWant
there is a boy and a man.,friendliness,none,none,none,young,none,none,none,happy,to grow up
"the boy is shopping for camping gear , the man works at the store he is wearing.",friendliness,none,none,none,camping gear,gets tired,to buy camping gear,to buy camping gear,happy,to go camping
"the boy is pointing to something on the top shelf , the man is looking to where.",friendliness,none,none,none,curious,none,to find something,none,curious,to find the item
the man has a stepping stool in his hand.,friendliness,none,none,none,careless,gets yelled at,to be a good listener,none,nervous,to sit down
the boy is standing next to the man.,friendliness,none,none,to say hello,social,none,to be near the man,to walk up to the man,happy,to talk to the man
