sentence,principle,oEffect,oReact,oWant,xAttr,xEffect,xIntent,xNeed,xReact,xWant
the father is frowning.,respect,none,none,none,angry,none,none,none,upset,to cry
the boy is smiling at his father.,respect,none,happy,to smile back,friendly,none,none,none,happy,to say hello
the boy is holding a snack box up to the dad.,respect,none,none,to eat,hungry,gets yelled at,to eat,to pick up the snack box,happy,to eat
the boy and his father are in a store.,respect,none,none,none,curious,none,to buy something,to go to the store,happy,to buy something
the father is putting apples into a bag.,respect,none,none,none,hungry,gets dirty,to eat apples,to buy apples,satisfied,to eat apples
there is a cart in front of the father.,respect,none,none,none,careless,none,none,none,happy,to get to the store
there is a women in the back looking at lettuces.,respect,none,none,none,curious,none,none,none,happy,to get a job
a store employee is behind them looking at carrots.,respect,none,none,none,helpful,none,to be helpful,none,annoyed,to get a good deal
