sentence,principle,oEffect,oReact,oWant,xAttr,xEffect,xIntent,xNeed,xReact,xWant
the older kid is frowning.,friendliness,none,none,none,annoyed,none,none,none,annoyed,to be left alone
the younger kid is running.,friendliness,none,none,none,young,gets exercise,none,none,happy,to get exercise
the younger kid is smiling.,friendliness,none,none,none,happy,none,none,none,happy,to smile
the mother is looking at the older boy.,friendliness,none,none,none,caring,none,to be a good mother,none,happy,to talk to the boy
the mother is frowning.,friendliness,none,none,none,angry,none,none,none,sad,to cry
