sentence,principle,oEffect,oReact,oWant,xAttr,xEffect,xIntent,xNeed,xReact,xWant
the mother is reaching in the freezer.,patience,none,none,none,hungry,gets cold,to cook,to open the freezer,hungry,to cook
the boy is looking away from the mother.,patience,none,none,none,scared,none,to avoid his mother,none,sad,to get away from mother
they re in a store.,patience,none,none,none,curious,none,to buy something,to go to the store,happy,to buy something
there s ice cream behind them.,patience,none,none,none,playful,none,none,none,happy,to eat
