sentence,principle,oEffect,oReact,oWant,xAttr,xEffect,xIntent,xNeed,xReact,xWant
the dads are shaking hands.,friendliness,none,none,to say hello,friendly,none,to be polite,to be in a meeting,happy,to get a drink
there children are smiling at each other.,friendliness,none,happy,to smile,friendly,none,none,none,happy,to smile
the mothers are hugging.,friendliness,none,none,none,caring,none,to show love,none,happy,to be hugged
the family s are in the same yard.,friendliness,none,none,none,happy,none,none,to walk to the yard,happy,to play
the younger boy has a toy truck in his hand.,friendliness,none,none,none,playful,none,to have fun,to go to the store,happy,to play with the toy
the older boy is down on one knee.,friendliness,none,happy,to kiss personx,loving,gets a ring,to propose to his girlfriend,to be in church,happy,to propose to the girl
he is saying something to the younger boy.,friendliness,none,none,to listen,social,none,to communicate,none,happy,to get their attention
they are both smiling.,friendliness,none,none,none,happy,none,none,none,happy,to smile
