sentence,principle,oEffect,oReact,oWant,xAttr,xEffect,xIntent,xNeed,xReact,xWant
the boys are twins.,,none,none,none,happy,none,none,none,happy,to have a baby
one twin has on green.,,none,none,none,green,none,none,none,happy,to have fun
one twin has on red.,,none,none,none,mean,none,none,none,happy,to get a new one
the twins are smiling.,,none,none,none,happy,none,none,none,happy,to have fun
the between them is the title goofus and gallant.,,none,none,none,arrogant,none,none,none,powerful,to be praised
