sentence,principle,oEffect,oReact,oWant,xAttr,xEffect,xIntent,xNeed,xReact,xWant
the dad is smiling.,enthusiasm,none,none,none,happy,none,none,none,happy,to be happy
the mom is smiling.,enthusiasm,none,none,none,happy,none,none,none,happy,to hug
the son is smiling.,enthusiasm,none,happy,none,happy,none,none,none,happy,to be happy
the are at the store.,enthusiasm,none,none,none,curious,none,to buy something,to drive to the store,satisfied,to buy something
the cashier is standing behind the counter.,enthusiasm,none,none,none,patient,none,to buy something,none,happy,to get a tip
she is handing the father a bag.,enthusiasm,none,grateful,to thank personx,helpful,none,to be helpful,to be a good son,happy,to give the bag back
they are both smiling.,enthusiasm,none,none,none,happy,none,none,none,happy,to smile
the boy is holding two toy superheroes.,enthusiasm,none,none,none,playful,gets yelled at,to play,to be a hero,happy,to play with the kids
