sentence,principle,oEffect,oReact,oWant,xAttr,xEffect,xIntent,xNeed,xReact,xWant
the mom is smiling.,patience,none,none,none,happy,none,none,none,happy,to hug
the boy is smiling.,patience,none,none,none,friendly,none,none,none,happy,to smile
there s a purple plant on the table.,patience,none,none,none,creative,none,none,none,happy,to plant flowers
the woman with purple on is in front of a computer.,patience,none,none,none,curious,gets yelled at,none,none,happy,to get a job
the are posters behind them that say belize and london.,patience,none,none,none,adventurous,none,to be a good citizen,none,happy,to sell them
the mother is looking past the woman.,patience,none,none,none,confused,none,none,none,sad,to look away
