sentence,principle,oEffect,oReact,oWant,xAttr,xEffect,xIntent,xNeed,xReact,xWant
the boys are in the pool.,friendliness,none,none,none,playful,gets exercise,to have fun,to go to the pool,happy,to have fun
they are playing with a bench ball.,friendliness,none,none,none,playful,gets exercise,to have fun,to go to the park,happy,to have fun
the dad is sitting in a chair.,friendliness,none,none,none,relaxed,gets tired,to rest,to walk to the chair,relaxed,to get up
the dad has on shades.,friendliness,none,none,none,protective,gets yelled at,to protect his eyes,to put on sunglasses,protected,to be able to see
