sentence,principle,oEffect,oReact,oWant,xAttr,xEffect,xIntent,xNeed,xReact,xWant
the boy is frowning.,respect,none,none,none,annoyed,none,none,none,annoyed,to get away from the boy
the boy is on the phone.,respect,none,none,none,talkative,none,to communicate,none,happy,to talk
the dad is smiling.,respect,none,none,none,happy,none,none,none,happy,to be happy
the adults are sitting down.,respect,none,none,none,tired,none,to be alone,none,happy,to talk
the mother is standing.,respect,none,none,none,caring,none,none,none,happy,to be a good mother
she has a tray in her hand.,respect,none,none,none,prepared,none,to eat,to have a tray,full,to eat
the older woman is holding a cup of coffee in her hand.,respect,none,none,none,caring,gets thanked,to be helpful,to have a cup,happy,to drink
