sentence,principle,oEffect,oReact,oWant,xAttr,xEffect,xIntent,xNeed,xReact,xWant
the kids are on a tennis court.,law-abiding,none,happy,to play with personx,athletic,gets exercise,to have fun,to go to the court,happy,to play tennis
the kids are holding tennis racks.,law-abiding,none,none,none,athletic,gets exercise,to be competitive,to have a ball,tired,to play tennis
the ball is flying toward the boy whose frowning.,law-abiding,none,none,to run away,playful,gets hit,to play,to be playing,happy,to play
the orange headed boy is smiling.,law-abiding,none,none,none,friendly,none,none,none,happy,to smile
the boy with the red hair is standing behind the tennis net.,law-abiding,none,none,none,playful,gets yelled at,to play,to walk to the net,happy,to play a game
the boy frowning has his hands in the air.,law-abiding,none,none,none,curious,gets scolded,to show off,none,confused,to run away
