sentence,principle,oEffect,oReact,oWant,xAttr,xEffect,xIntent,xNeed,xReact,xWant
the kids are frowning.,respect,none,none,none,annoyed,none,none,none,annoyed,to be a good parent
the mom has her finger to her mouth.,respect,none,none,none,rude,gets slapped,to be annoying,none,silly,to be quiet
the there are two brown people are the window.,respect,none,none,none,curious,none,none,none,sad,to be left alone
the brown father is holding his wallet.,respect,none,none,none,careful,none,to be helpful,none,happy,to get a receipt
the father is pulling money out of his wallet.,respect,none,none,none,greedy,gets arrested,to buy something,to have money,happy,to spend the money
they are standing in line to the movie theatre.,respect,none,none,none,bored,gets bored,to see the movie,to get in line,bored,to go home
