sentence,principle,oEffect,oReact,oWant,xAttr,xEffect,xIntent,xNeed,xReact,xWant
the kids are running.,friendliness,none,none,none,caring,gets exercise,to be a good parent,to be with the kids,happy,to play
the kids are smiling.,friendliness,none,none,none,happy,none,none,none,happy,to have fun
the kids are on a felid.,friendliness,none,none,none,caring,none,none,none,happy,to play
there a soccer ball in front of the kids.,friendliness,none,happy,to play,athletic,gets hit,to play soccer,to be playing soccer,happy,to score a goal
the of the kids are wearing a white and blue soccer uniform.,friendliness,none,none,none,proud,gets yelled at,to be a good sport,to put on the uniform,proud,to go to the game
the boy running towards him is wearing a red and black uniform.,friendliness,none,none,none,uniform,gets hit,to be uniform,to be wearing a uniform,proud,to run away
