sentence,principle,oEffect,oReact,oWant,xAttr,xEffect,xIntent,xNeed,xReact,xWant
the girl is getting her face painted.,friendliness,none,none,none,pretty,gets compliments,to look pretty,to buy makeup,happy,to go out
the boys are smiling.,friendliness,none,none,none,friendly,none,none,none,happy,to be happy
the girl standing up is frowning.,friendliness,none,none,none,annoyed,none,none,none,annoyed,to walk away
the little girl is sitting.,friendliness,none,none,none,caring,none,to be alone,none,happy,to play with the little girl
