sentence,principle,oEffect,oReact,oWant,xAttr,xEffect,xIntent,xNeed,xReact,xWant
the boy is smiling.,law-abiding,none,none,none,friendly,none,none,none,happy,to smile
the girl is frowning.,law-abiding,none,none,none,annoyed,none,none,none,annoyed,to get away from the girl
the kids are sitting at the table.,law-abiding,none,none,none,hungry,none,to eat,to be at home,happy,to eat
there a chest board on the table.,law-abiding,none,none,none,curious,none,to be a thief,none,happy,to get a new one
the boy in the green is holding the dice.,law-abiding,none,none,none,hopeful,wins,to win,to be playing,happy,to win
he is pointing to the board.,law-abiding,none,none,none,determined,none,to be noticed,none,satisfied,to win the game
