sentence,principle,oEffect,oReact,oWant,xAttr,xEffect,xIntent,xNeed,xReact,xWant
the boys are in the back yard.,cleanliness,none,none,none,playful,none,to play,to go to the back yard,happy,to play
the boy in a brown shirt is reaching for sticks.,cleanliness,none,none,none,curious,gets hurt,to be a boy,none,happy,to get a stick
the boy in the brown shirt is frowning.,cleanliness,none,none,none,mean,none,none,none,annoyed,to get away from the boy
the boy in the brown shirt is holding sticks.,cleanliness,none,none,none,curious,none,none,none,happy,to play with the stick
the boy in the green is throwing sticks over the wooden fence.,cleanliness,none,none,none,playful,gets yelled at,to play,to pick up sticks,happy,to play with the stick
he is smiling.,cleanliness,none,none,none,happy,none,none,none,happy,to smile
on the sidewalk is a box of chalk.,cleanliness,none,none,none,careless,none,none,none,happy,to get a chalk
