sentence,principle,oEffect,oReact,oWant,xAttr,xEffect,xIntent,xNeed,xReact,xWant
the boy in the red shirt is hiding sticks.,cleanliness,none,none,none,sneaky,none,none,none,happy,to run away
the boy in blue pants is reaching up.,cleanliness,none,none,none,curious,gets dirty,to be nice,none,happy,to get a kiss
the boys are in the yard.,cleanliness,none,none,none,playful,none,none,to go outside,happy,to play
there a brown fence around the boys.,cleanliness,none,none,to get to know personx,mean,none,to be mean,none,happy,to keep them safe
the boy with the blue pants is tossing a ball around.,cleanliness,none,none,none,playful,gets hit,to play,to be playing,happy,to play catch
the boy in the red shirt is putting the sticks into a pile.,cleanliness,none,none,none,careless,gets dirty,to be a good boy,to pick up the stick,happy,to clean up the mess
