sentence,principle,oEffect,oReact,oWant,xAttr,xEffect,xIntent,xNeed,xReact,xWant
the mother has on a purple jacket.,patience,none,none,none,fashionable,gets cold,to be warm,to buy a jacket,warm,to go outside
the boy has on a backpack.,patience,none,none,none,prepared,none,to be prepared,to go to the store,prepared,to go to school
the mom is standing up.,patience,none,none,none,responsible,gets scolded,to get up,none,happy,to go to the kitchen
the boy is standing up.,patience,none,none,none,active,gets hurt,to get up,none,good,to go to the bathroom
the boy has on a green jacket.,patience,none,none,none,warm,gets cold,to be warm,to go to the store,warm,to go outside
he is rushing out the door.,patience,none,none,none,rushed,gets sweaty,to get away,to be in a rush,rushed,to get away
on the moms arm is a watch.,patience,none,none,none,helpful,none,none,none,happy,to be a good son
the mother is frowning.,patience,none,none,none,angry,none,none,none,sad,to cry
