sentence,principle,oEffect,oReact,oWant,xAttr,xEffect,xIntent,xNeed,xReact,xWant
the lady has on a pink shirt.,assistiveness,none,none,none,fashionable,gets complimented,to be fashionable,to buy a pink shirt,happy,to go out
the boy is standing up.,assistiveness,none,none,none,active,gets hurt,to get up,none,good,to go to the bathroom
the boy is outside.,assistiveness,none,none,none,curious,none,to play,none,happy,to play
they have papers in there hands.,assistiveness,none,none,none,prepared,gets stressed,to be prepared,to have a pen,anxious,to read the papers
the is a red bike behind the boy.,assistiveness,none,none,none,playful,none,none,none,happy,to get a ride
he is holding a helmet under his arm.,assistiveness,none,none,none,careful,gets hit,to protect his head,to have a helmet,safe,to wear the helmet
