sentence,principle,oEffect,oReact,oWant,xAttr,xEffect,xIntent,xNeed,xReact,xWant
the boy is grabbing floor chair.,cleanliness,none,none,none,aggressive,gets yelled at,to get up,none,satisfied,to get up
the floor seat is purple.,cleanliness,none,none,none,clumsy,none,none,none,embarrassed,to sit down
there s plants in the living room.,cleanliness,none,none,none,helpful,gets dirty,to have a nice yard,to have a garden,happy,to plant more
the boy is leaning forward.,cleanliness,none,none,none,curious,gets yelled at,to be heard,none,interested,to listen to the boy
the is a can of soda on the floor by the boys foot.,cleanliness,none,none,none,careless,none,none,none,happy,to clean up
on a table is a small tv.,cleanliness,none,none,none,small,none,none,none,happy,to watch a show
