sentence,principle,oEffect,oReact,oWant,xAttr,xEffect,xIntent,xNeed,xReact,xWant
the.,politeness,none,none,none,determined,none,to be a good friend,none,happy,to get a drink
boy is laying on the coach.,politeness,none,none,to teach personx,careless,gets hurt,to be a good sport,to be in the wrong place,tired,to get up
the boy is holding a remote.,politeness,none,none,none,controlling,none,to be entertained,none,happy,to watch tv
the coach is.,politeness,none,none,none,helpful,none,to be a good coach,to be a coach,proud,to win the game
"blue , and green.",politeness,none,none,none,creative,none,to be green,none,happy,to have fun
the boy has on a yellow shirt.,politeness,none,none,none,dirty,gets dirty,to be clean,to put on the shirt,dirty,to wash the shirt
the has a remote in one hand and a bowl of popcorn in the other.,politeness,none,none,none,hungry,gets hungry,to eat,to have a bowl,happy,to eat
he is saying something.,politeness,none,none,none,talkative,none,to be heard,none,heard,to be heard
beside the couch is a table with a lamp on it.,politeness,none,none,none,comfortable,none,none,none,comfortable,to sit down
