sentence,principle,oEffect,oReact,oWant,xAttr,xEffect,xIntent,xNeed,xReact,xWant
the students are in a classroom.,assistiveness,students are taught,none,none,studious,gets yelled at,to teach,to be in class,happy,to teach
there s three kids standing up.,assistiveness,none,none,none,young,none,none,none,happy,to go to the bathroom
there are 1 student sitting down.,assistiveness,none,none,none,studious,none,to be alone,none,happy,to get up
there one girl standing up.,assistiveness,none,none,none,brave,gets kissed,to be noticed,none,happy,to get a drink
the girl and boy that are standing both have papers in their hands.,assistiveness,none,none,none,determined,none,to read,none,nervous,to read the papers
the boy is wearing a purple shirt.,assistiveness,none,none,none,fashionable,gets complimented,to be fashionable,none,happy,to go out
he is looking at the boy with the green jacket.,assistiveness,none,none,none,curious,none,to be noticed,none,happy,to ask the boy questions
he is smiling.,assistiveness,none,none,none,happy,none,none,none,happy,to smile
