sentence,principle,oEffect,oReact,oWant,xAttr,xEffect,xIntent,xNeed,xReact,xWant
the boy is holding a phone.,self-care,none,none,none,curious,none,to be helpful,none,happy,to talk
the boy has a bag in his arms as well.,self-care,none,none,none,prepared,none,to be prepared,none,happy,to run away
has the boy on a blue jacket.,self-care,none,none,none,warm,gets a hug,to be warm,to go to the boy,happy,to give the boy a jacket
the boy is standing up.,self-care,none,none,none,active,gets hurt,to get up,none,good,to go to the bathroom
the is walking away from the front entrance of the grocery store.,self-care,none,none,none,independent,gets lost,to go home,to get up,relieved,to go to the car
the boy is smiling.,self-care,none,none,none,friendly,none,none,none,happy,to smile
