sentence,principle,oEffect,oReact,oWant,xAttr,xEffect,xIntent,xNeed,xReact,xWant
the woman is looking at the boy.,respect,none,none,to smile,curious,gets a kiss,to be noticed,none,interested,to talk to the boy
the boy is looking at the woman.,respect,none,none,none,curious,gets a kiss,to be noticed,none,curious,to ask her out
the woman is wearing a pink shirt.,respect,none,none,none,attractive,gets kissed,to be attractive,to buy a pink shirt,attractive,to go out
the boy is standing up.,respect,none,none,none,active,gets hurt,to get up,none,good,to go to the bathroom
the woman is standing behind the counter.,respect,none,none,none,sneaky,none,to be helpful,none,happy,to get a drink
the boy is showing her a receipt.,respect,none,grateful,none,helpful,none,to be helpful,to go to the store,happy,to give the receipt to the boy
the woman is looking at the receipt.,respect,none,none,none,curious,none,to know what they bought,none,satisfied,to go to the store
there is a bag on the counter in front of the woman.,respect,none,none,none,careless,none,none,none,happy,to get a new one
