sentence,principle,oEffect,oReact,oWant,xAttr,xEffect,xIntent,xNeed,xReact,xWant
the girl is on a swing.,self-care,none,none,none,playful,gets hit,to have fun,to go to the swings,happy,to have fun
there s a cloud in the sky.,self-care,none,none,none,bright,none,none,none,happy,to be seen
a purple bird is flying.,self-care,none,none,none,curious,none,none,none,happy,to fly
the girl has blue shoes on.,self-care,none,none,none,attractive,gets scolded,to be fashionable,none,happy,to go to the store
the white bird is flying by.,self-care,none,none,none,brave,none,none,none,happy,to fly
below the girl are hills and trees.,self-care,none,none,none,brave,none,none,none,happy,to be a good listener
the girl is smiling.,self-care,none,happy,none,friendly,none,none,none,happy,to kiss her
