sentence,principle,oEffect,oReact,oWant,xAttr,xEffect,xIntent,xNeed,xReact,xWant
the boy in green has blonde hair.,friendliness,none,none,none,pretty,none,none,none,happy,to go to the park
the boy with the ball has a purple short on.,friendliness,none,none,none,childish,gets yelled at,none,none,happy,to play with the ball
the kids are outside.,friendliness,none,none,none,caring,none,to play,to be with the kids,happy,to play
the kids are standing up.,friendliness,none,none,none,active,none,to be standing,none,good,to go to the bathroom
the boy with the purple vest has a basketball in his hand.,friendliness,none,none,none,playful,gets sweaty,to play basketball,to go to the park,happy,to play basketball
his eyebrows are scrunched up and he is frowning.,friendliness,none,none,none,annoyed,none,none,none,annoyed,to look mean
he is looking at the boy in the green sweater.,friendliness,none,none,none,curious,smiles,to see the boy,none,happy,to ask the boy questions
the boy with the green sweater is saying something.,friendliness,none,none,none,talkative,none,to be heard,none,happy,to tell them what they think
his hands are balled into fists.,friendliness,none,none,none,angry,none,none,none,angry,to punch someone
