sentence,principle,oEffect,oReact,oWant,xAttr,xEffect,xIntent,xNeed,xReact,xWant
the boys are looking at each other.,law-abiding,none,none,none,curious,none,none,none,curious,to talk
the boys are standing up.,law-abiding,none,none,none,active,none,to be standing,none,good,to go to the bathroom
the boy in purple has blonde hair.,law-abiding,none,none,none,pretty,gets teased,none,none,happy,to go to the party
the boy in yellow has brown hair.,law-abiding,none,none,none,young,none,none,none,happy,to wash his hair
the boy in yellow has his arms crossed.,law-abiding,none,none,none,mean,none,to be a good person,none,happy,to run away
he is frowning.,law-abiding,none,none,none,annoyed,none,none,none,annoyed,to look at something else
the boy in purple is saying something to the boy in yellow.,law-abiding,none,none,to listen to personx,mean,gets scolded,to be heard,none,happy,to get the boy 's attention
they are standing by a white fence.,law-abiding,none,none,none,brave,gets sweaty,to be safe,none,happy,to walk to the fence
