sentence,principle,oEffect,oReact,oWant,xAttr,xEffect,xIntent,xNeed,xReact,xWant
the family is together.,law-abiding,none,none,none,caring,none,to be close,none,happy,to have fun
the grandmother is looking down at the girl.,law-abiding,none,none,none,curious,none,to be a matchmaker,none,happy,to smile
the boy has bread in one hand.,law-abiding,none,none,none,hungry,none,to eat,to have bread,hungry,to eat the bread
the boy is reaching for his mouth.,law-abiding,none,none,none,hungry,gets bitten,to eat,none,full,to eat
