sentence,principle,oEffect,oReact,oWant,xAttr,xEffect,xIntent,xNeed,xReact,xWant
the boy is smiling.,self-care,none,none,none,friendly,none,none,none,happy,to smile
the boy is sitting at the table.,self-care,none,none,none,hungry,gets hungry,to eat,to walk to the table,happy,to eat
the boy has on a blue jacket.,self-care,none,none,none,warm,none,to be warm,to go to the store,warm,to go outside
the boy has a pencil in his hand.,self-care,none,none,none,studious,none,to write,none,smart,to write something down
the has a book and a sheet of paper in front of him.,self-care,none,none,none,prepared,none,to read,to have a book,prepared,to read
he has a green binder beside him.,self-care,none,none,none,prepared,none,to have a good time,none,prepared,to put the binder down
