sentence,principle,oEffect,oReact,oWant,xAttr,xEffect,xIntent,xNeed,xReact,xWant
the boy has his mouth open.,politeness,none,none,none,rude,gets yelled at,to be rude,none,relieved,to eat
the boy has his eyes open.,politeness,none,none,none,curious,none,to be aware,none,awake,to see
there s a clock on the table.,politeness,none,none,none,lazy,none,none,none,happy,to get up
there s a picture on the wall.,politeness,none,none,none,artistic,none,none,to get a picture,happy,to show it to others
the boy has a remote in his hand.,politeness,none,none,none,lazy,none,to be entertained,none,happy,to watch tv
he is on a couch.,politeness,none,none,none,relaxed,gets tired,to sit down,to walk to the couch,relaxed,to sit down
