sentence,principle,oEffect,oReact,oWant,xAttr,xEffect,xIntent,xNeed,xReact,xWant
the boy is on the ground.,caution,none,none,none,scared,none,none,none,happy,to get up
the boy has safety gear on.,caution,none,none,none,responsible,none,to be safe,to have a gun,safe,to be safe
the boy has rolling skates on.,caution,none,none,none,playful,gets exercise,to have fun,to buy a skateboard,happy,to have fun
the boy s helmet is purple.,caution,none,none,none,dangerous,gets hurt,none,none,embarrassed,to get a helmet
the boy s hand is on the helmet.,caution,none,none,to get the helmet back,careful,gets yelled at,to be safe,to reach for the helmet,safe,to ride the bike
the boy is looking confused.,caution,none,none,none,confused,gets confused,none,none,confused,to explain
the man is kneeling down over the boy.,caution,none,none,to thank personx,caring,none,to be respectful,none,sad,to pray
the man is looking over at the boy.,caution,none,none,none,curious,none,to see the boy,none,curious,to talk to the boy
the man s hand is pointed towards the boy.,caution,none,none,to run away,curious,none,to be noticed,none,nervous,to tell the boy to be quiet
