sentence,principle,oEffect,oReact,oWant,xAttr,xEffect,xIntent,xNeed,xReact,xWant
there is a sign that says no running on pool deck.,caution,none,none,none,a follower,none,none,none,happy,to keep the pool clean
the boy was running on the pool deck.,caution,none,none,none,athletic,gets exercise,to have fun,to go to the pool deck,happy,to have fun
the boy is trying to keep balance.,caution,none,none,none,careful,gets stressed,to be safe,none,nervous,to be safe
the boy s hands in the air.,caution,none,none,none,playful,none,to play,none,happy,to run away
there is a washing machine behind the cat.,caution,none,none,none,helpful,none,none,none,annoyed,to clean the machine
