sentence,principle,oEffect,oReact,oWant,xAttr,xEffect,xIntent,xNeed,xReact,xWant
the boy has a present.,friendliness,none,none,none,excited,none,none,to buy a gift,happy,to give it to them
the present is in a big box.,friendliness,none,none,none,excited,none,none,none,happy,to be successful
the dad is standing in the doorway.,friendliness,none,none,none,curious,none,to be noticed,none,good,to say hello
the dad has hands on the doorknob.,friendliness,none,none,none,curious,gets yelled at,to open the door,none,nervous,to open the door
the man in the view delivered the package.,friendliness,none,none,none,responsible,none,to be helpful,to go to the store,happy,to get a response
there is a note behind the boy.,friendliness,none,none,none,curious,none,none,none,curious,to tell the boy to be quiet
