sentence,principle,oEffect,oReact,oWant,xAttr,xEffect,xIntent,xNeed,xReact,xWant
there are people at a birthday party.,humility,none,happy,to have fun,social,gets presents,to have fun,to invite people,happy,to have fun
there are balloons and party decorations everywhere there are presents everywhere.,humility,none,none,none,festive,none,none,to buy balloons,happy,to have fun
all the kids are surrounding the birthday boy.,humility,none,happy,to thank personx,loving,none,to be a good friend,to buy gifts,happy,to play with the kids
everyone is looking at the boy.,humility,none,none,none,curious,none,to be noticed,none,interested,to talk to the boy
the girl in the yellow is grinning.,humility,none,none,none,happy,none,none,none,happy,to tell everyone about it
everyone is grinning.,humility,none,none,none,happy,none,none,none,happy,to laugh
the boy is looking at the girl.,humility,none,none,to smile,curious,gets a kiss,to be noticed,none,happy,to ask her out
they have a card in his hand.,humility,none,none,none,nervous,none,none,none,nervous,to read the card
the boy has a present in his other hand.,humility,none,none,none,curious,none,to give it to his friend,to have a gift,happy,to give it to the boy
