sentence,principle,oEffect,oReact,oWant,xAttr,xEffect,xIntent,xNeed,xReact,xWant
everyone is sitting down facing forward.,respect,none,none,none,engaged,none,to be in control,none,happy,to be in control
the boy in the red is whispering in the boy in the green shirt ear.,respect,none,none,to listen to personx,secretive,none,to be secretive,none,happy,to tell the boy something
the boy has hands covering his mouth.,respect,none,none,none,scared,none,to be sneaky,none,embarrassed,to run away
the boy in the green is grinning.,respect,none,none,none,happy,none,none,none,happy,to tell a joke
the boy in the green is leaning over towards the boy in the red.,respect,none,none,to listen to personx,curious,gets yelled at,to be romantic,none,happy,to say something
the boy in the green is listening to the boy in the red.,respect,none,none,none,interested,none,none,none,interested,to ask the boy questions
