sentence,principle,oEffect,oReact,oWant,xAttr,xEffect,xIntent,xNeed,xReact,xWant
there are people at a pool.,cooperation,none,none,none,playful,gets exercise,to have fun,to go to the pool,happy,to have fun
there are kids in the pool.,cooperation,none,none,none,playful,gets wet,none,to go to the pool,happy,to have fun
the teacher is looking at the boy.,cooperation,none,none,to listen to personx,curious,none,to see the boy,none,interested,to teach
the teacher has a clipboard in his hand.,cooperation,none,none,none,prepared,none,to be helpful,none,prepared,to teach
the boy in the red shorts is pointing at the pool.,cooperation,none,none,none,curious,gets yelled at,to be noticed,to be playing,happy,to swim
the boy in the red shorts is looking at the teacher.,cooperation,none,none,to teach,curious,gets scolded,to be noticed,none,interested,to ask the teacher questions
there is a green mat in the middle of the gym.,cooperation,none,none,none,athletic,gets exercise,to be a trainer,to be in gym,tired,to rest
