sentence,principle,oEffect,oReact,oWant,xAttr,xEffect,xIntent,xNeed,xReact,xWant
there are kids in gym class.,cooperation,none,none,none,young,gets exercise,none,to go to the gym,happy,to get exercise
they are standing over a green large mat.,cooperation,none,none,none,active,none,none,none,happy,to get up
they are ropes hanging.,cooperation,none,none,none,strong,none,none,none,happy,to be a rope maker
the boy in the yellow shirt is holding the rope.,cooperation,none,none,none,helpful,gets dirty,to be helpful,to grab the rope,happy,to tie the rope
the girl in the red shirt is looking at the boy in the yellow shirt.,cooperation,none,none,to say hello,curious,blushes,none,none,interested,to flirt
the girl in red has her hands on her hips.,cooperation,none,none,none,daring,gets yelled at,to dance,none,happy,to dance
the boy in the orange is climbing the rope.,cooperation,none,none,none,athletic,gets sweaty,to be a good son,to get a rope,happy,to get a drink
