sentence,principle,oEffect,oReact,oWant,xAttr,xEffect,xIntent,xNeed,xReact,xWant
there are kids outside.,law-abiding,none,none,none,young,none,none,none,happy,to play
they are rolling skating down this lane.,law-abiding,none,none,none,playful,gets exercise,to have fun,to get on skates,happy,to have fun
they have helmets and safety gear on.,law-abiding,none,none,none,cautious,gets hurt,to protect himself,to have a helmet,safe,to be safe
the kids are grinning.,law-abiding,none,none,none,happy,none,none,none,happy,to laugh
the boy in yellow is looking in another direction.,law-abiding,none,none,none,curious,none,to find something,none,curious,to find the boy
there are cars parked outside.,law-abiding,none,none,none,normal,none,none,none,indifferent,to get out of the car
they are skating forward.,law-abiding,none,none,none,athletic,gets exercise,to have fun,to be in a race,happy,to win the race
there friends and the sleep are outside.,law-abiding,none,none,none,relaxed,none,to have fun,to be outside,happy,to have fun
