sentence,principle,oEffect,oReact,oWant,xAttr,xEffect,xIntent,xNeed,xReact,xWant
they are two men.,patience,none,none,none,young,none,none,none,happy,to be a man
they are surrounded by sheep.,patience,none,none,none,lonely,none,none,none,sad,to get away
the man in the green is looking at the man in yellow.,patience,none,none,none,curious,none,to see the man,none,curious,to talk to the man
the man in the green shirt is frowning.,patience,none,none,none,annoyed,none,none,none,annoyed,to get away from the man
the man in yellow is looking down at the sheep.,patience,none,none,none,curious,none,to see the sheep,none,sad,to kill the sheep
the man in yellow is puzzled looking.,patience,none,none,none,confused,gets confused,none,none,confused,to ask questions
they people at the movies are sitting in purple seats.,patience,none,none,none,bored,gets bored,to be entertained,to buy tickets,happy,to watch a movie
