sentence,principle,oEffect,oReact,oWant,xAttr,xEffect,xIntent,xNeed,xReact,xWant
the kids are watching a presentation.,attentiveness,none,none,none,smart,learns something,to be informed,to have the kids,happy,to be entertained
the lady in red has an eagle on her arm.,attentiveness,none,none,none,brave,none,none,none,happy,to show off their new item
the lady is wearing gloves.,attentiveness,none,none,none,careful,gets cold,to protect her hands,to put on gloves,safe,to go outside
the eagle has a rope on his leg.,attentiveness,none,none,none,careless,gets hurt,none,none,happy,to use it to climb
the eagle is sitting on her arm.,attentiveness,none,none,none,mean,none,none,none,happy,to get up
the eagle is looking at the lady.,attentiveness,none,none,none,curious,none,to be noticed,none,interested,to flirt
the students are in school.,attentiveness,none,none,none,smart,none,none,none,proud,to get a good grade
