sentence,principle,oEffect,oReact,oWant,xAttr,xEffect,xIntent,xNeed,xReact,xWant
they are sitting at a desk.,respect,none,none,none,lazy,gets tired,to work,none,tired,to work
they have a pen and paper.,respect,none,none,none,organized,none,to write,none,prepared,to write
the boy is pointing at the girl.,respect,none,none,to run away,curious,gets yelled at,to be noticed,none,happy,to tell the girl to run away
the boy is writing on the paper.,respect,none,none,none,smart,none,to write,to get a pen,smart,to read the paper
the girl is looking at the boy.,respect,none,none,to smile,curious,gets a kiss,to be noticed,none,happy,to flirt
the girl is grinning.,respect,none,none,to smile,happy,none,none,none,happy,to tell everyone about it
they boy has his hands up.,respect,none,none,none,careless,gets yelled at,to be a good son,none,guilty,to get a job
the boy eyebrows are raised.,respect,none,none,none,curious,none,none,none,curious,to ask questions
