sentence,principle,oEffect,oReact,oWant,xAttr,xEffect,xIntent,xNeed,xReact,xWant
"there are two boys , they are sitting at a table.",patience,none,none,none,young,none,to eat,none,happy,to eat
"the table is covered with papers , tape and books.",patience,none,none,none,careless,none,none,none,overwhelmed,to read
"the first boy has piece of paper in his hand , he is frowning and pointing to.",patience,none,none,none,curious,none,to read,none,nervous,to read the paper
"the second boy is also frowning , he is writing something in his notebook.",patience,none,none,none,pensive,none,to be noticed,none,annoyed,to read
he is looking at the first boy.,patience,none,none,to go to the party,curious,gets a kiss,to be noticed,none,happy,to talk to the boy
the boys are in the living room.,patience,none,none,none,bored,none,to be alone,to walk to the room,happy,to play
they are sitting on the floor.,patience,none,none,none,lazy,gets hurt,to rest,none,tired,to get up
there is a roll of tape on the table.,patience,none,none,none,bored,none,none,none,happy,to play the tape
the boy has a pen in his hand.,patience,none,none,none,prepared,none,to write,none,happy,to write something down
