sentence,principle,oEffect,oReact,oWant,xAttr,xEffect,xIntent,xNeed,xReact,xWant
they re in a classroom.,honesty,none,none,none,curious,learns something,to learn,to go to class,interested,to learn
the teacher is looking at the boy.,honesty,none,none,to listen to personx,curious,none,to see the boy,none,interested,to teach
the teacher has a pen and paper in his hands.,honesty,none,none,none,prepared,none,to write,to have a pen,prepared,to write
the teacher has papers on his desk.,honesty,none,none,none,studious,gets stressed,none,to have a class,nervous,to pass the class
the boy is looking at the teacher.,honesty,none,none,to teach,curious,gets scolded,to learn,none,curious,to ask the teacher questions
the boy is confused.,honesty,none,none,none,confused,gets confused,none,none,confused,to ask for help
the boy has his hands in the air.,honesty,none,none,none,playful,gets caught,to play,none,happy,to play
