sentence,principle,oEffect,oReact,oWant,xAttr,xEffect,xIntent,xNeed,xReact,xWant
they re in the classroom.,cooperation,none,none,none,curious,gets scolded,to learn,to go to the classroom,happy,to learn
the kids at sitting at the table.,cooperation,none,none,none,hungry,none,to eat,to be at home,happy,to eat
everyone is looking at the boy in the red shirt.,cooperation,none,none,none,curious,gets a kiss,to see the boy,none,interested,to ask the boy a question
they have notebooks and pens on the table.,cooperation,none,none,none,careless,none,to write,none,happy,to write down notes
there are some words on the blackboard.,cooperation,none,none,none,smart,none,none,none,smart,to write a note
the boy in the red shirt is frowning.,cooperation,none,none,none,mean,none,none,none,annoyed,to get away from the boy
the boy in the red shirt has is around folded across his chest.,cooperation,none,none,none,mean,none,none,none,happy,to be warm
the girl in the blue shirt has her hands folded across her chest.,cooperation,none,none,none,mean,none,to be warm,none,happy,to be a good girl
the boy in the purple shirt looks shocked.,cooperation,none,none,none,shocked,gets shocked,none,none,surprised,to run away
