sentence,principle,oEffect,oReact,oWant,xAttr,xEffect,xIntent,xNeed,xReact,xWant
the kids are building a bridge.,assistiveness,none,none,none,helpful,gets tired,to be a good parent,to get a bridge,happy,to make sure the bridge is secure
they are using popsicle sticks.,assistiveness,none,none,none,careless,gets dirty,to eat,to get a stick,satisfied,to eat
there is a bottle of glue on the table.,assistiveness,none,none,none,clumsy,none,none,none,happy,to clean up the mess
the boy in the purple has his finger on his chin.,assistiveness,none,none,none,curious,none,to be noticed,none,embarrassed,to get away from the boy
the girl in yellow is holding the bridge up.,assistiveness,none,none,none,brave,gets yelled at,to be helpful,to be a teacher,happy,to get a drink
the girl in red is holding a string.,assistiveness,none,none,none,playful,none,to be a musician,none,happy,to play the string
the girl in green is putting the sticks on the bridge.,assistiveness,none,none,none,brave,gets yelled at,to be helpful,to get the stick,happy,to get a drink
