sentence,principle,oEffect,oReact,oWant,xAttr,xEffect,xIntent,xNeed,xReact,xWant
there is a lady sitting in a chair.,respect,none,none,none,relaxed,none,to sit down,none,relaxed,to sit down
the chair is purple.,respect,none,none,none,angry,gets hurt,none,none,angry,to sit down
there are flowers next to the chair.,respect,none,none,none,romantic,none,none,none,happy,to get a vase
the flowers are on top of the table.,respect,none,none,none,thoughtful,none,none,none,happy,to clean up
there is a book on the floor.,respect,none,none,none,intellectual,none,none,none,interested,to read
the lady has a laptop on her lap.,respect,none,none,none,curious,gets yelled at,to play video games,to have a laptop,happy,to play video games
the cat is looking at the lady the cat is frowning.,respect,none,none,none,curious,none,none,none,annoyed,to get away from the cat
the lady looks back at the cat.,respect,none,none,none,curious,none,to see the cat,none,happy,to pet the cat
