sentence,principle,oEffect,oReact,oWant,xAttr,xEffect,xIntent,xNeed,xReact,xWant
the liquid in the cup is pink.,,none,none,none,curious,none,none,none,happy,to drink the liquid
the straw is green.,,none,none,none,green,none,none,none,happy,to be a good citizen
the straw is swirly.,,none,none,none,confused,none,none,none,happy,to be successful
the cup has ice cubes in it.,,none,none,none,thirsty,none,none,none,satisfied,to drink
the are paper on the boys desk.,,none,none,none,mean,none,none,none,happy,to read
