sentence,principle,oEffect,oReact,oWant,xAttr,xEffect,xIntent,xNeed,xReact,xWant
the boy is sitting at the computer.,caution,none,none,none,curious,gets tired,to play games,none,happy,to turn it on
the boy is playing a game on the computer.,caution,none,none,none,playful,gets exercise,to have fun,to turn on the computer,happy,to play a game
the boy has his hand on the controller.,caution,none,none,none,controlling,none,to play,none,happy,to play
the boy is playing a racing game.,caution,none,none,none,athletic,wins,to have fun,to have a game,happy,to win
the kids are outside.,caution,none,none,none,caring,none,to play,to be with the kids,happy,to play
the boy in green is crouching down.,caution,none,none,none,scared,none,to be sneaky,none,happy,to hide
