sentence,principle,oEffect,oReact,oWant,xAttr,xEffect,xIntent,xNeed,xReact,xWant
there is candy on the ground.,cleanliness,none,none,none,careless,none,none,none,happy,to eat candy
the kids hit a pinata.,cleanliness,none,none,none,playful,gets hurt,none,to buy a pinata,happy,to play with the kids
the kids are running to the candy.,cleanliness,none,none,none,playful,gets dirty,to have fun,to buy candy,happy,to eat candy
the boy in the green shirt is collecting the candy.,cleanliness,none,none,none,playful,gets dirty,to eat candy,to go to the store,happy,to eat the candy
there are balloons on the table.,cleanliness,none,none,none,playful,none,none,none,happy,to have fun
the kids are outside.,cleanliness,none,none,none,caring,none,to play,to be with the kids,happy,to play
the table has a pink table cloth on it.,cleanliness,none,none,none,creative,none,to decorate,to buy the table,happy,to clean up
