sentence,principle,oEffect,oReact,oWant,xAttr,xEffect,xIntent,xNeed,xReact,xWant
they are outside at a parade.,assistiveness,none,none,none,outgoing,gets exercise,to have fun,to get dressed,happy,to have fun
there is candy on the ground.,assistiveness,none,none,none,careless,none,none,none,happy,to eat candy
the boy is pointing at the candy.,assistiveness,none,none,none,curious,gets candy,to eat candy,to be hungry,happy,to eat candy
the girl is picking up the candy.,assistiveness,none,none,none,greedy,gets dirty,to eat candy,to go to the store,happy,to eat candy
they a.,assistiveness,none,none,none,determined,none,to be helpful,none,happy,to be successful
