sentence,principle,oEffect,oReact,oWant,xAttr,xEffect,xIntent,xNeed,xReact,xWant
two boys are sitting at the table.,politeness,none,none,none,hungry,none,to eat,to walk to the table,happy,to eat
the boys are eating snacks.,politeness,none,none,none,hungry,gets fat,to eat snacks,to buy snacks,full,to eat
the boy in the yellow has a snack near his mouth.,politeness,none,none,none,hungry,chews,to eat,to be hungry,full,to eat
the boy is the purple has a snack in his hand.,politeness,none,none,none,hungry,gets dirty,to eat,to have a snack,hungry,to eat
two father and son are surround by trees.,politeness,none,none,none,loving,none,none,none,happy,to have fun
