sentence,principle,oEffect,oReact,oWant,xAttr,xEffect,xIntent,xNeed,xReact,xWant
the boy and father are walking in the park.,self-care,none,none,none,young,gets exercise,to be alone,to get ready,happy,to go home
the father has a stick in his hand.,self-care,none,none,none,careless,gets yelled at,none,none,guilty,to get the stick out
the father is looking at the boy.,self-care,none,none,none,curious,none,to see the boy,none,happy,to talk to the boy
the boy has his hands in the air.,self-care,none,none,none,playful,gets caught,to play,none,happy,to play
the boy is looking at the father.,self-care,none,none,to talk to personx,curious,none,to be respectful,none,curious,to talk to the father
there are bluebirds and squirrels in the tree.,self-care,none,none,none,playful,none,none,none,happy,to eat them
the boy behind the door is smiling threw the screen.,self-care,none,none,none,playful,none,none,none,happy,to get out of the house
