sentence,principle,oEffect,oReact,oWant,xAttr,xEffect,xIntent,xNeed,xReact,xWant
the boy has a book in his hand.,attentiveness,none,none,none,studious,none,to read,none,smart,to read
the boy other hand is reaching out.,attentiveness,none,none,to get their hand back,friendly,gets yelled at,to be touched,none,happy,to be touched
the father is passing the boy the phone.,attentiveness,none,happy,to thank personx,helpful,none,to be helpful,to have a phone,happy,to give the phone back
the father is smiling at the boy.,attentiveness,none,happy,to smile back,loving,none,none,none,happy,to smile
the mother is also looking at the purple car.,attentiveness,none,none,none,curious,none,none,none,curious,to buy a car
