sentence,principle,oEffect,oReact,oWant,xAttr,xEffect,xIntent,xNeed,xReact,xWant
the mom and son are looking out the window.,respect,none,none,none,curious,none,to see the birds,to open the window,happy,to see the birds
the boy is frowning.,respect,none,none,none,annoyed,none,none,none,annoyed,to get away from the boy
the boy has his arm folded.,respect,none,none,none,mean,none,to be a good son,none,happy,to be a good son
the boy is looking at the car.,respect,none,none,none,observant,none,to see the car,none,curious,to get in the car
the a.,respect,none,none,none,smart,none,to be successful,none,happy,to get a promotion
