sentence,principle,oEffect,oReact,oWant,xAttr,xEffect,xIntent,xNeed,xReact,xWant
the boy s parents are leaving out the door.,respect,none,none,to cry,careless,none,to leave,to be in the house,sad,to go home
the parents are smiling.,respect,none,none,to hug personx,happy,none,none,none,happy,to be happy
the boy is talking to his grandmother.,respect,none,happy,to tell personx how they are doing,caring,gets scolded,to be friendly,to be at the park,happy,to ask grandmother questions
the boy has a toy in his hands.,respect,none,none,none,playful,none,to play,to find a toy,happy,to play with the toy
the boy is smiling.,respect,none,none,none,friendly,none,none,none,happy,to smile
the grandmother is looking at the boy.,respect,none,none,none,curious,smiles,to see the boy,none,happy,to talk to the boy
the grandmother is smiling.,respect,none,none,none,happy,none,none,none,happy,to smile
the grandmother has on his back.,respect,none,none,none,caring,none,to be helpful,none,happy,to take care of the grandmother
