sentence,principle,oEffect,oReact,oWant,xAttr,xEffect,xIntent,xNeed,xReact,xWant
they are having dinner.,politeness,none,none,none,hungry,gets full,to eat,to cook,full,to eat
the turtle is waiting for them.,politeness,none,none,none,patient,none,none,none,happy,to eat
the turtle has a tray and a piece of paper in his hands.,politeness,none,none,none,smart,none,to read,none,happy,to read the paper
the lady is looking at the man.,politeness,none,none,none,curious,none,to be noticed,none,happy,to flirt
the lady has her hands crossed.,politeness,none,none,none,religious,none,to be religious,none,nervous,to be in control
the man is shocked.,politeness,none,none,none,shocked,cries,none,none,surprised,to get away
they boy is holding a clipboard under his are pit.,politeness,none,none,none,responsible,none,to be responsible,none,happy,to get a drink
