sentence,principle,oEffect,oReact,oWant,xAttr,xEffect,xIntent,xNeed,xReact,xWant
the boy is in his room.,politeness,none,none,none,curious,none,to be alone,to be in the room,happy,to play
the boy has a cup of pens in his hands.,politeness,none,none,none,greedy,none,to write,to have pen,happy,to write a note
the boy has a notebook tuck under his arm.,politeness,none,none,none,sneaky,none,to hide something,none,prepared,to hide the notebook
the boy is frowning.,politeness,none,none,none,annoyed,none,none,none,annoyed,to get away from the boy
