sentence,principle,oEffect,oReact,oWant,xAttr,xEffect,xIntent,xNeed,xReact,xWant
the kids are outside sitting on the porch.,humility,none,none,none,relaxed,none,to be outside,to go outside,happy,to play
the girl dropped her icecream.,humility,none,none,none,careless,gets yelled at,none,to pick up the icecream,guilty,to apologize
the girl is frowning.,humility,none,none,none,annoyed,none,none,none,annoyed,to get away from the girl
the boy is sitting on the porch.,humility,none,none,none,bored,gets dirty,to be alone,to walk to the porch,happy,to get up
the boy is looking at the girl.,humility,none,none,to smile,curious,gets a kiss,to be noticed,none,happy,to ask her out
the boy has his mouth open wide.,humility,none,none,none,loud,gets slapped,to be rude,none,embarrassed,to eat
