sentence,principle,oEffect,oReact,oWant,xAttr,xEffect,xIntent,xNeed,xReact,xWant
the family outside grilling.,empathy,none,none,none,hungry,gets dirty,to eat,to buy grill,happy,to eat
mom and dad are standing around the grill.,empathy,none,none,none,hungry,gets burned,to eat,to go to the grill,happy,to eat
the daughter is standing around the grill.,empathy,none,none,none,curious,gets burned,to eat,to go to the grill,happy,to eat
the little brother is frowning.,empathy,none,none,none,annoyed,none,none,none,annoyed,to get a drink
the little brother is looking at the ground.,empathy,none,none,none,scared,none,to avoid the boy,none,sad,to run away
the big brother is patting the little on the back.,empathy,none,none,to thank personx,supportive,gets slapped,to show love,to be near the little brother,happy,to be supportive
