sentence,principle,oEffect,oReact,oWant,xAttr,xEffect,xIntent,xNeed,xReact,xWant
the kids are in a museum.,cooperation,none,none,none,curious,gets tired,to see the exhibits,to buy tickets,happy,to see the exhibits
the boy is looking at a dinosaur statue.,cooperation,none,none,none,curious,gets a picture,to admire the dinosaur,none,interested,to admire the statue
the other kids are surrounding the teacher.,cooperation,none,none,to teach,mean,gets yelled at,to be in control,to be in school,happy,to teach
they are looking for another painting.,cooperation,none,none,none,curious,gets paid,to make money,to have a painting,happy,to paint
the girl with the purple shirt on is smiling.,cooperation,none,none,none,happy,none,none,none,happy,to ask her out
