sentence,principle,oEffect,oReact,oWant,xAttr,xEffect,xIntent,xNeed,xReact,xWant
they are outside looking at nature.,attentiveness,none,none,none,curious,gets exercise,to enjoy nature,to go outside,happy,to enjoy nature
the teacher is pointing at a bird nest in the tree.,attentiveness,none,none,none,curious,none,to be a teacher,none,curious,to teach the bird a lesson
everyone is looking at the tree.,attentiveness,none,none,none,curious,sees a bird,to see the tree,none,curious,to admire the tree
the tree is covered in a bush.,attentiveness,none,none,none,careless,gets dirty,none,none,scared,to get out of the bush
they.,attentiveness,none,none,none,determined,none,to be a good friend,none,happy,to get a drink
