sentence,principle,oEffect,oReact,oWant,xAttr,xEffect,xIntent,xNeed,xReact,xWant
the kids are running in the rain.,assistiveness,none,none,none,playful,gets wet,to have fun,to get a umbrella,wet,to get dry
they are running back home.,assistiveness,none,none,none,tired,gets sweaty,to get home,to be in a rush,tired,to get some rest
the boy dropped a bag on the ground.,assistiveness,none,none,none,careless,cries,none,none,sad,to pick up the bag
the boy s hand is pointed towards.,assistiveness,none,none,to get away,curious,none,none,none,nervous,to be noticed
