sentence,principle,oEffect,oReact,oWant,xAttr,xEffect,xIntent,xNeed,xReact,xWant
the kids are in art class.,self-care,none,none,none,creative,learns a lot,to learn,to go to class,happy,to learn more
the girl has a painting in her hand.,self-care,none,none,none,creative,gets dirty,to paint,to buy a painting,happy,to show it to her friends
the girl is smiling at the boy.,self-care,none,happy,to smile back,friendly,blushes,none,none,happy,to say hello
the boy is looking at the paint.,self-care,none,none,none,curious,gets dirty,to paint,none,happy,to paint
the boy is smiling.,self-care,none,none,none,friendly,none,none,none,happy,to smile
there is arts and craft things on the table.,self-care,none,none,none,skilled,none,to be creative,none,happy,to make money
