sentence,principle,oEffect,oReact,oWant,xAttr,xEffect,xIntent,xNeed,xReact,xWant
the squirrels are standing over a bag.,caution,none,none,none,careless,none,none,none,happy,to get rid of them
the squirrels are covering their mouth.,caution,none,none,none,mean,none,to be funny,none,silly,to not be seen
the bag has words on it.,caution,none,none,none,talkative,none,to be heard,none,good,to say what they think
the squirrel is reaching for the bag.,caution,none,none,none,greedy,gets bitten,to get the bag,none,happy,to eat the squirrel
the is one girl on the court with the boys.,caution,none,none,to get to know personx,attractive,gets a court date,none,to be a judge,happy,to get a divorce
