sentence,principle,oEffect,oReact,oWant,xAttr,xEffect,xIntent,xNeed,xReact,xWant
the kids at a basketball court.,humility,none,happy,to play,athletic,gets exercise,to have fun,to go to the court,happy,to play
the kids are smiling at each other.,humility,none,happy,to smile,friendly,none,none,none,happy,to laugh
the boy in the red is waving at the other kids.,humility,none,happy,to say hello,friendly,gets yelled at,to be friendly,none,happy,to say hello
the boy in the blue shirt has a basketball in his hand.,humility,none,none,none,athletic,gets hit,to play basketball,to go to the basketball court,happy,to play basketball
