sentence,principle,oEffect,oReact,oWant,xAttr,xEffect,xIntent,xNeed,xReact,xWant
there are two boys playing chess.,humility,none,none,none,playful,none,to play a game,to be playing chess,happy,to play a game
the boy in the blue is frowning.,humility,none,none,none,annoyed,none,none,none,sad,to get away from the boy
the boy in the blue is knocking over the game pieces.,humility,none,none,none,careless,gets yelled at,to play a game,to be playing,happy,to play the game
the boy in the orange has his mouth wide open.,humility,none,none,none,careless,gets bitten,to be rude,none,silly,to eat
the red game pieces are in the air.,humility,none,none,none,playful,none,none,none,happy,to win
there is a fence around the yard.,humility,none,none,none,mean,gets exercise,to keep the yard safe,none,secure,to keep the yard safe
