sentence,principle,oEffect,oReact,oWant,xAttr,xEffect,xIntent,xNeed,xReact,xWant
the boy is outside.,attentiveness,none,none,none,curious,none,to play,none,happy,to play
there is a lawnmower.,attentiveness,none,none,none,competent,none,none,none,satisfied,to get a new car
the boy is on the phone.,attentiveness,none,none,none,talkative,none,to communicate,none,happy,to talk
the boy has a water bottle in his hands.,attentiveness,none,none,none,thirsty,none,to drink,to have a bottle,happy,to drink the water
the mom is walking back into the house.,attentiveness,none,none,none,tired,gets exercise,to go to bed,to get up,tired,to go to bed
