sentence,principle,oEffect,oReact,oWant,xAttr,xEffect,xIntent,xNeed,xReact,xWant
they in a pool area.,patience,none,none,none,playful,gets wet,to have fun,to go to the pool,happy,to swim
they are leaving the male lockerroom.,patience,none,none,none,rude,none,to be alone,to be in a room,sad,to go to the bathroom
dad has a duffle bag in his hand.,patience,none,none,none,careless,none,to hide something,none,guilty,to hide
the boy looks back at the dad.,patience,none,none,to talk to personx,curious,none,to see his father,none,curious,to say hello
the boy reaches for the bag they is outside surrounding the yellow car.,patience,none,none,none,greedy,gets yelled at,to get the bag,to be outside,happy,to go to the store
