sentence,principle,oEffect,oReact,oWant,xAttr,xEffect,xIntent,xNeed,xReact,xWant
everyone is packing their bags into the car.,cooperation,none,none,none,prepared,gets tired,to leave,to pack,excited,to go on a trip
everyone is smiling and looking at each other.,cooperation,none,none,none,friendly,none,none,none,happy,to smile
the boy with the yellow shirt has a blue bookbag and a red sleeping bag.,cooperation,none,none,none,lazy,none,to be a good friend,none,happy,to go to school
the boy in the blue shirt is packing his bag in the car.,cooperation,none,none,none,prepared,gets dirty,to go on a trip,to open the bag,excited,to go to the airport
everyone.,cooperation,none,none,none,determined,none,to be a good friend,none,happy,to get a drink
