sentence,principle,oEffect,oReact,oWant,xAttr,xEffect,xIntent,xNeed,xReact,xWant
there are kids sitting on a bus.,respect,none,none,none,young,none,to be entertained,to buy a bus ticket,happy,to go to school
the boy in the back seat.,respect,none,none,none,scared,none,none,to be in the back seat,happy,to get out of the car
the boy in the purple shirt takes a boy hat.,respect,none,none,to say thank you,mean,gets yelled at,to be a matchmaker,to go to the store,happy,to play with the boy
the boy in the purple shirt is smiling.,respect,none,none,none,happy,none,none,none,happy,to be a good friend
the boy in the striped shirt has his mouth wide open.,respect,none,none,none,careless,gets slapped,to be rude,none,embarrassed,to eat
the boy looks back at the other boy.,respect,none,none,none,curious,none,to see what the boy is doing,none,curious,to say hello
the boy reaches for his hat.,respect,none,none,none,polite,none,to be polite,to be near the boy,happy,to put the hat on
all the kids in the back seat are laughing.,respect,none,none,to laugh,amused,none,none,to be in the back seat,happy,to laugh
