sentence,principle,oEffect,oReact,oWant,xAttr,xEffect,xIntent,xNeed,xReact,xWant
two men are carrying a boat.,caution,none,none,none,capable,gets dirty,to go fishing,to get a boat,happy,to go fishing
there are five ducks on top of the boat.,caution,none,none,none,playful,none,none,none,happy,to have fun
the mom duck is in the front.,caution,none,none,none,responsible,none,to be in the back,none,happy,to get out of the way
there are trees in the background.,caution,none,none,none,quiet,none,none,none,happy,to be heard
there are mountains in the background.,caution,none,none,none,quiet,none,none,none,happy,to be in the background
the boy is frowning.,caution,none,none,none,annoyed,none,none,none,annoyed,to get away from the boy
