sentence,principle,oEffect,oReact,oWant,xAttr,xEffect,xIntent,xNeed,xReact,xWant
there are two kids in the backseat.,caution,none,none,none,young,none,none,none,happy,to be a good parent
the girl is looking at the boy.,caution,none,none,to smile,curious,gets a kiss,to be noticed,none,happy,to flirt
they have on their seat belts.,caution,none,none,none,responsible,none,to be safe,none,safe,to be safe
the boy is trying to put on his seat belt.,caution,none,none,none,nervous,gets nervous,to be safe,to be in a car,nervous,to get out of the car
