sentence,principle,oEffect,oReact,oWant,xAttr,xEffect,xIntent,xNeed,xReact,xWant
the boy is outside.,caution,none,none,none,curious,none,to play,none,happy,to play
the boy is riding a bike.,caution,none,none,none,athletic,gets exercise,to exercise,to put on helmet,tired,to get exercise
the boy has on safety gear.,caution,none,none,none,responsible,none,to be safe,to have a gun,safe,to be safe
the boy is snapping his helmet on.,caution,none,none,none,careless,gets hurt,to be safe,to be in a car,annoyed,to get a helmet
