sentence,principle,oEffect,oReact,oWant,xAttr,xEffect,xIntent,xNeed,xReact,xWant
the boy has a lawnmower in his hands cutting the grass.,cooperation,none,none,none,responsible,gets dirty,to be helpful,to get the lawnmower,tired,to get a new mower
the boy is looking at the girl.,cooperation,none,none,to smile,curious,gets a kiss,to be noticed,none,happy,to ask her out
there are tools in the shed.,cooperation,none,none,none,handy,none,none,to get tools,tired,to fix something
the girl has a note in her hand.,cooperation,none,none,none,curious,none,none,none,curious,to read the note
the girl is smiling.,cooperation,none,happy,none,friendly,none,none,none,happy,to kiss her
the girl is looking at the note.,cooperation,none,none,none,curious,none,to know what it says,none,curious,to read the note
