sentence,principle,oEffect,oReact,oWant,xAttr,xEffect,xIntent,xNeed,xReact,xWant
the boy is smiling.,cleanliness,none,none,none,friendly,none,none,none,happy,to smile
the woman is watching the boy.,cleanliness,none,none,none,observant,none,to be a good listener,none,happy,to be entertained
the boy is holding a kite.,cleanliness,none,none,none,playful,gets a kite,to play,to have a kite,happy,to play with the kite
the boy has his hand on the wall.,cleanliness,none,none,none,curious,gets sweaty,to be careful,none,happy,to get a job
they are inside.,cleanliness,none,none,none,inside,none,to be inside,none,safe,to go to bed
there is a boy running out the door with a blue kite in his hand.,cleanliness,none,none,none,playful,gets dirty,to play,none,happy,to play with the kite
behind him his mother is standing behind a table with her hands on her hips.,cleanliness,none,none,none,curious,none,to be a matchmaker,none,happy,to dance
"on the table and on the floor scraps of colorful paper , strings and glitter are scattered.",cleanliness,none,none,none,careless,and fall down,none,none,silly,to be a mess
