sentence,principle,oEffect,oReact,oWant,xAttr,xEffect,xIntent,xNeed,xReact,xWant
dad and son are cleaning.,cooperation,none,none,none,responsible,gets dirty,to be helpful,to get cleaning supplies,tired,to clean up
the boy has a broom in his hand.,cooperation,none,none,none,helpful,gets dirty,to clean up,none,tired,to clean up the mess
the boy is waving at two friends.,cooperation,none,happy,to say hello,friendly,gets yelled at,to be social,to be playing,happy,to say hello
the two friends are waving back.,cooperation,none,happy,to say hello,friendly,waves,to greet them,none,happy,to say hello
dad is picking up a box.,cooperation,none,none,none,curious,gets dirty,to find something,none,happy,to put the box away
