sentence,principle,oEffect,oReact,oWant,xAttr,xEffect,xIntent,xNeed,xReact,xWant
they are in the locker room.,cooperation,none,none,none,athletic,none,to be in the locker room,to go to the locker room,excited,to get dressed
the coach is reading a note with everyone.,cooperation,none,none,none,social,none,to be informed,to open the note,happy,to read the note
everyone is smiling.,cooperation,none,none,none,happy,none,none,none,happy,to smile
the boy looks at the note.,cooperation,none,none,none,curious,none,to know what it says,none,curious,to read the note
the boy is frowning at the note.,cooperation,none,none,none,annoyed,none,none,none,annoyed,to read the note
