sentence,principle,oEffect,oReact,oWant,xAttr,xEffect,xIntent,xNeed,xReact,xWant
they are in the classroom.,respect,none,none,none,studious,gets yelled at,to learn,to go to the classroom,bored,to learn
the teacher is passing out a paper.,respect,none,none,none,tired,gets a grade,to pass the class,to write a paper,tired,to give the paper to the class
the teacher is looking at a student.,respect,none,none,to listen to personx,curious,none,to teach,to be a teacher,interested,to teach
the girl is looking at the boy.,respect,none,none,to smile,curious,gets a kiss,to be noticed,none,happy,to flirt
the girl is holding a paper in her hand.,respect,none,none,none,curious,gets a paper cut,to read,none,nervous,to read the paper
the boy is looking at his paper.,respect,none,none,none,curious,none,to learn,none,interested,to read the paper
the boy is smiling.,respect,none,none,none,friendly,none,none,none,happy,to smile
