sentence,principle,oEffect,oReact,oWant,xAttr,xEffect,xIntent,xNeed,xReact,xWant
there is a boy looking out the window.,self-care,none,none,none,curious,sees a bird,to see the world,none,happy,to see the birds
the boy is smiling.,self-care,none,none,none,friendly,none,none,none,happy,to smile
the boy s eyes are very big.,self-care,none,none,none,big,none,none,none,happy,to get a haircut
the boy sees a fox.,self-care,none,none,none,observant,none,none,none,happy,to run away
the fox is running fast across the yard.,self-care,none,none,none,athletic,gets exercise,to get exercise,to be in a race,tired,to catch the thief
