sentence,principle,oEffect,oReact,oWant,xAttr,xEffect,xIntent,xNeed,xReact,xWant
the boy is at a library.,self-care,none,none,none,studious,none,to learn,to go to the library,interested,to read
the boy has 2 notebooks open.,self-care,none,none,none,curious,none,to read,none,nervous,to read
the boy is has his pen in the green notebook.,self-care,none,none,none,smart,none,to write,none,happy,to write
the boy has his finger scanning the pages in the red notebook.,self-care,none,none,none,studious,gets caught,to be a good reader,to be a teacher,nervous,to read
the boy is frowning.,self-care,none,none,none,annoyed,none,none,none,annoyed,to get away from the boy
