sentence,principle,oEffect,oReact,oWant,xAttr,xEffect,xIntent,xNeed,xReact,xWant
the boy is sitting at the table.,self-care,none,none,none,hungry,gets hungry,to eat,to walk to the table,happy,to eat
the boy is thinking.,self-care,none,none,none,thoughtful,none,none,none,curious,to ask the boy questions
the boy has the pen against his chin.,self-care,none,none,none,curious,none,none,none,happy,to write
there is a piece of paper on the table.,self-care,none,none,none,curious,none,none,none,curious,to read the paper
the boy is looking away.,self-care,none,none,none,scared,none,to be alone,none,sad,to look away
