sentence,principle,oEffect,oReact,oWant,xAttr,xEffect,xIntent,xNeed,xReact,xWant
they are walking through a trail.,cooperation,none,none,none,athletic,gets exercise,to get exercise,to put on shoes,happy,to rest
there is a group ahead of them.,cooperation,none,none,none,outgoing,none,none,none,happy,to get to the destination
the boy in the yellow shirt looks back smiling.,cooperation,none,none,none,happy,none,none,none,happy,to say hello
the boy in the red shirt is frowning.,cooperation,none,none,none,mean,none,none,none,annoyed,to get away from the boy
the boy is the red is pointing forward.,cooperation,none,none,none,curious,none,to be in control,none,happy,to be a good leader
the girl in blue is smiling.,cooperation,none,none,none,happy,none,none,none,happy,to be happy
