sentence,principle,oEffect,oReact,oWant,xAttr,xEffect,xIntent,xNeed,xReact,xWant
they are in the living room.,cooperation,none,none,none,comfortable,none,to be in the room,to walk to the living room,relaxed,to sit down
the boy is looking for paper.,cooperation,none,none,none,curious,none,to be a good listener,none,interested,to read
the girl is smiling.,cooperation,none,happy,none,friendly,none,none,none,happy,to kiss her
there are pens on the table.,cooperation,none,none,none,lazy,none,none,none,happy,to write a letter
the boys are outside.,cooperation,none,none,none,active,none,to play,to be outside,happy,to play
