sentence,principle,oEffect,oReact,oWant,xAttr,xEffect,xIntent,xNeed,xReact,xWant
there is a boy sitting on a stone wall.,law-abiding,none,none,none,young,none,none,none,happy,to get up
the boy is grinning evilly.,law-abiding,none,none,none,mean,none,to be mean,none,happy,to laugh
the boy is looking at the boy in the red shirt.,law-abiding,none,none,none,curious,gets a kiss,to see the boy,none,interested,to ask the boy a question
the boy in red is frowning.,law-abiding,none,none,none,angry,none,none,none,angry,to get away from the boy
the boy in red is walking away.,law-abiding,none,none,none,scared,none,to be alone,none,sad,to go home
