sentence,principle,oEffect,oReact,oWant,xAttr,xEffect,xIntent,xNeed,xReact,xWant
they are in the hallway at school.,friendliness,none,none,none,curious,none,none,none,nervous,to go to class
the kids are laughing and looking at the ground.,friendliness,none,none,none,amused,none,to be entertained,none,happy,to run away
the boy has his hand in the air.,friendliness,none,none,none,playful,gets caught,to play,none,happy,to play
the books fell out of his locker.,friendliness,none,none,none,careless,gets scolded,none,none,upset,to get the books back
the boy is looking back at everyone.,friendliness,none,none,none,curious,none,to be alone,none,happy,to talk to them
they are on the sidewalk.,friendliness,none,none,none,curious,none,to get to the store,none,indifferent,to get to their destination
