sentence,principle,oEffect,oReact,oWant,xAttr,xEffect,xIntent,xNeed,xReact,xWant
there are two girls walking.,friendliness,none,none,none,young,none,none,none,happy,to have fun
the girl in the purple is looking at the other girl.,friendliness,none,none,none,curious,none,to be noticed,none,interested,to talk to the girl
the girl is smiling at each other.,friendliness,none,happy,none,friendly,none,none,none,happy,to smile
they both have hair bows on their heads.,friendliness,none,none,none,beautiful,gets hair bows,to look pretty,none,happy,to look pretty
they both have backpacks on.,friendliness,none,none,none,careless,none,to be prepared,none,happy,to put the backpack on
there is a map of the neighborhood.,friendliness,none,none,none,observant,none,to be a map,to be in the neighborhood,happy,to find a house
