sentence,principle,oEffect,oReact,oWant,xAttr,xEffect,xIntent,xNeed,xReact,xWant
there many houses on one street.,friendliness,none,none,none,rich,none,none,to buy a house,happy,to buy a house
the house number starts at 38 till 43.,friendliness,none,none,none,determined,none,none,none,happy,to get a raise
there is someone on a bike.,friendliness,none,none,none,athletic,gets hurt,to exercise,to get on the bike,happy,to ride the bike
there is an animal in the back yard.,friendliness,none,none,none,playful,none,none,none,happy,to play
there are three blue houses.,friendliness,none,none,none,lucky,none,none,none,happy,to get a new home
there car is purple.,friendliness,none,none,none,ugly,gets into trouble,none,none,embarrassed,to get a new car
