sentence,principle,oEffect,oReact,oWant,xAttr,xEffect,xIntent,xNeed,xReact,xWant
they are at a food drive.,humility,none,none,none,hungry,eats food,to eat,to get in the car,hungry,to eat
they packing the bags with can foods.,humility,none,none,none,organized,gets dirty,to be prepared,to buy the food,happy,to go to the airport
the girl is smiling at the bag.,humility,none,none,none,happy,none,none,none,happy,to say something funny
the boy in the purple shirt is frowning.,humility,none,none,none,mean,none,none,none,annoyed,to get away from the boy
everyone is participating.,humility,none,none,none,involved,none,to participate,none,happy,to win the competition
they are at home.,humility,none,none,none,content,none,to be alone,none,happy,to relax
