sentence,principle,oEffect,oReact,oWant,xAttr,xEffect,xIntent,xNeed,xReact,xWant
the kids are looking at the tv.,attentiveness,none,none,none,bored,none,to be entertained,to turn on the tv,happy,to watch the news
the girl is frowning.,attentiveness,none,none,none,annoyed,none,none,none,annoyed,to get away from the girl
the boy has his mouth wide open.,attentiveness,none,none,none,loud,gets slapped,to be loud,none,embarrassed,to run away
the girl has a remote in her hands.,attentiveness,none,none,none,curious,none,to be entertained,none,happy,to watch a movie
there is a lady on tv.,attentiveness,none,none,none,proud,none,none,none,happy,to be entertained
