sentence,principle,oEffect,oReact,oWant,xAttr,xEffect,xIntent,xNeed,xReact,xWant
they are outside with their bicycle.,friendliness,none,none,none,athletic,gets exercise,to exercise,to put on their shoes,happy,to exercise
they have safety gear on.,friendliness,none,none,none,prepared,none,to be safe,to have a gun,safe,to be safe
the boy is looking at the girl.,friendliness,none,none,to smile,curious,gets a kiss,to be noticed,none,happy,to ask her out
the girl is picking up her bike.,friendliness,none,none,none,athletic,gets exercise,to get exercise,to get up,happy,to go to the store
the girl is frowning.,friendliness,none,none,none,annoyed,none,none,none,annoyed,to get away from the girl
the girl is looking back at the boy.,friendliness,none,none,none,curious,none,to be noticed,none,happy,to talk to the boy
they man behind the counter is giving out the cake.,friendliness,none,none,to eat the cake,generous,gets a tip,to share,to be a good customer,happy,to eat the cake
