sentence,principle,oEffect,oReact,oWant,xAttr,xEffect,xIntent,xNeed,xReact,xWant
they are at a fundraiser.,politeness,none,none,none,rich,gets tired,to be a part of the community,to get dressed,happy,to go to the fundraiser
the fundraiser is for the fire department.,politeness,none,none,none,helpful,gets burned,to be helpful,to have a fire department,happy,to save lives
everyone is in line for cake.,politeness,none,none,none,greedy,gets a sugar rush,to eat,to go to the store,hungry,to eat cake
the girl is next in line.,politeness,none,none,none,patient,gets yelled at,to get something,to go to the store,happy,to get a drink
a boy is handing the cake back.,politeness,none,none,none,generous,gets a hug,to be nice,to have a cake,happy,to eat the cake
the boy is frowning.,politeness,none,none,none,annoyed,none,none,none,annoyed,to get away from the boy
