sentence,principle,oEffect,oReact,oWant,xAttr,xEffect,xIntent,xNeed,xReact,xWant
the kids are in the auditorium.,patience,none,none,none,prepared,none,to be entertained,to go to the theatre,happy,to get a snack
the teacher is sitting on the stage.,patience,none,none,none,commanding,gets applauded,to teach,to walk to the stage,nervous,to teach
the kids are in line in front of the teacher.,patience,none,none,to teach them,impatient,gets yelled at,to get something,to be in line,annoyed,to get their turn
the boy in the orange is looking at the other boy.,patience,none,none,none,curious,none,to see the boy,none,curious,to talk to the boy
the boy in green is smiling at the boy in orange.,patience,none,happy,to smile back,friendly,none,none,none,happy,to smile
the two boys are shaking hands.,patience,none,none,to say hello,friendly,none,to be polite,to be with the two kids,happy,to say hello
the sofa has green and blue patterns on it.,patience,none,none,none,creative,none,none,none,happy,to clean up
