sentence,principle,oEffect,oReact,oWant,xAttr,xEffect,xIntent,xNeed,xReact,xWant
the boy is smiling.,self-care,none,none,none,friendly,none,none,none,happy,to smile
there is a blue airplane on the table.,self-care,none,none,none,skilled,none,none,none,happy,to fly to the moon
there are trees outside the window.,self-care,none,none,none,curious,none,none,none,happy,to get a drink
there is a box on the table.,self-care,none,none,none,curious,none,none,none,happy,to open the box
the boy is working on a model plane.,self-care,none,none,none,skilled,gets paid,to be a good worker,to buy a plane,proud,to get paid
there is a boy standing at a desk.,self-care,none,none,none,young,gets scolded,none,none,happy,to get a job
there is an open toolbox in front of him.,self-care,none,none,none,careless,none,none,none,annoyed,to get a job
"around the toolbox are jars of paint , paintbrushes and a blue and white plane.",self-care,none,none,none,careless,none,none,none,sad,to paint
the boy is digging through the toolbox and smiling.,self-care,none,none,none,playful,gets dirty,none,none,happy,to get a reward
