sentence,principle,oEffect,oReact,oWant,xAttr,xEffect,xIntent,xNeed,xReact,xWant
the boy is in the living room.,respect,none,none,none,present,none,none,to walk to the room,happy,to play
the boy is laying on the sofa.,respect,none,none,none,tired,gets hurt,to rest,to be playing,happy,to get up
the boy is frowning holding the pillow.,respect,none,none,none,mean,none,to be mean,none,sad,to sleep
the mom comes checking on the son.,respect,none,grateful,to thank personx,caring,none,to be helpful,to be a doctor,worried,to make sure the son is ok
the mom is looking at the son.,respect,none,none,to hug personx,curious,none,to see the child,none,happy,to hug the son
the are in the living room.,respect,none,none,none,comfortable,none,to be in the room,to walk to the living room,relaxed,to sit down
