sentence,principle,oEffect,oReact,oWant,xAttr,xEffect,xIntent,xNeed,xReact,xWant
dad is sitting on the chair reading the paper.,respect,none,none,none,studious,gets tired,to be informed,to sit down,smart,to read
dad looks up at his son.,respect,none,none,to smile,curious,smiles,to see his son,none,happy,to say hello
the son is looking at dad.,respect,none,none,to talk,curious,none,to see his father,none,happy,to talk
the son is pointing at the stairs.,respect,none,none,none,curious,none,to be noticed,none,happy,to get up
the son is frowning.,respect,none,none,none,annoyed,none,none,none,annoyed,to be alone
