sentence,principle,oEffect,oReact,oWant,xAttr,xEffect,xIntent,xNeed,xReact,xWant
they are outside the family home.,respect,none,none,none,alone,none,to be alone,none,alone,to go home
the baby bear is looking at papa bear.,respect,none,none,none,curious,none,none,none,happy,to be a good baby
baby bear is frowning.,respect,none,none,none,annoyed,none,none,none,annoyed,to be calm
baby bear has his mouth open wide.,respect,none,none,none,loud,gets bitten,to be loud,none,relieved,to eat
papa bear is looking at the baby bear.,respect,none,none,none,curious,none,none,none,happy,to smile
they boy in yellow has his hand on his forehead.,respect,none,none,none,curious,gets sweaty,to be warm,none,nervous,to rub the forehead
