sentence,principle,oEffect,oReact,oWant,xAttr,xEffect,xIntent,xNeed,xReact,xWant
they are in the car.,courtesy,none,none,none,bored,gets tired,to go somewhere,to get in the car,happy,to go to the store
the boy in purple is looking at the other boy.,courtesy,none,none,none,curious,none,to see the boy,none,curious,to talk to the boy
the father is looking in the back at the boy.,courtesy,none,none,none,curious,none,to be watchful,none,curious,to ask the boy questions
the boy in orange is frowning.,courtesy,none,none,none,mean,none,none,none,angry,to get away from the boy
the boy has a phone in his hand.,courtesy,none,none,none,curious,none,to communicate,none,happy,to call the police
the boy has his hand over his eye.,courtesy,none,none,none,mean,gets yelled at,to be sneaky,none,sneaky,to hide
