sentence,principle,oEffect,oReact,oWant,xAttr,xEffect,xIntent,xNeed,xReact,xWant
they are outside playing.,cooperation,none,none,none,playful,gets exercise,to have fun,to get dressed,happy,to have fun
everyone is kicking a ball around.,cooperation,none,none,none,playful,gets exercise,to have fun,to be playing,happy,to have fun
there is a boy sitting alone.,cooperation,none,none,none,lonely,none,none,none,sad,to play
the boy is frowning looking at the other kids.,cooperation,none,none,to get away from personx,curious,none,none,none,annoyed,to talk to them
the boy has his arms across his knees.,cooperation,none,none,none,mean,none,to be mean,none,nervous,to run away
