sentence,principle,oEffect,oReact,oWant,xAttr,xEffect,xIntent,xNeed,xReact,xWant
they are in karate class.,friendliness,none,none,none,athletic,gets hurt,to learn a new skill,to sign up,proud,to learn how to karate
the boy is looking at the girl with the white belt.,friendliness,none,none,to smile,curious,gets slapped,to be noticed,none,happy,to ask her out
the boy is smiling.,friendliness,none,none,none,friendly,none,none,none,happy,to smile
the girl is looking back at the boy.,friendliness,none,none,none,curious,none,to be noticed,none,happy,to talk to the boy
the girl is smiling.,friendliness,none,happy,none,friendly,none,none,none,happy,to kiss her
there is a group of kids behind them talking.,friendliness,none,none,to be heard,friendly,none,none,none,happy,to be a leader
