sentence,principle,oEffect,oReact,oWant,xAttr,xEffect,xIntent,xNeed,xReact,xWant
the boy is sitting in the chair.,politeness,none,none,none,bored,gets yelled at,to sit,none,relaxed,to get up
the boy is playing the guitar.,politeness,none,none,none,musical,gets tired,to be entertained,to buy a guitar,happy,to play guitar
the boy is looking at his father.,politeness,none,none,to talk to personx,curious,none,to see his father,none,happy,to talk to father
the father is standing in the doorway.,politeness,none,none,none,curious,none,to be in the room,to walk to the door,nervous,to say hello
the father is frowning.,politeness,none,none,none,angry,none,none,none,upset,to cry
the father has his arm crossed across his chest.,politeness,none,none,none,mean,none,to be warm,none,nervous,to be warm
