sentence,principle,oEffect,oReact,oWant,xAttr,xEffect,xIntent,xNeed,xReact,xWant
the boy is looking at his mom outside.,self-care,none,none,to talk to personx,curious,none,to see his mom,none,curious,to talk to her
the boy is smiling.,self-care,none,none,none,friendly,none,none,none,happy,to smile
mom is outside filling up the birdfeeder.,self-care,none,none,none,hungry,gets dirty,to eat,to get a bucket,satisfied,to eat
mom is looking back at the boy.,self-care,none,none,none,curious,none,to be noticed,none,happy,to talk to the boy
there are birds in the sky.,self-care,none,none,none,curious,none,none,none,happy,to fly
