sentence,principle,oEffect,oReact,oWant,xAttr,xEffect,xIntent,xNeed,xReact,xWant
they are outside water the plants.,cleanliness,none,none,none,resourceful,none,none,none,happy,to plant more plants
the boy walks into the house.,cleanliness,none,none,none,curious,none,to see his mother,to open the door,happy,to go to bed
the boy has on overalls.,cleanliness,none,none,none,dirty,gets dirty,to be a good parent,none,happy,to wear the same thing
the boy has a pair of shoes in his hands.,cleanliness,none,none,none,prepared,gets yelled at,to be prepared,to go to the store,prepared,to run away
the boy is smiling.,cleanliness,none,none,none,friendly,none,none,none,happy,to smile
