sentence,principle,oEffect,oReact,oWant,xAttr,xEffect,xIntent,xNeed,xReact,xWant
they are in the playroom.,respect,none,none,none,curious,none,to be alone,to be in the room,happy,to play with the kids
the boys are smiling at each other.,respect,none,none,none,friendly,none,none,none,happy,to smile
the boy in green has a game controller in his hands.,respect,none,none,none,playful,gets yelled at,to play a game,to have a controller,happy,to play the game
the tv is playing the game.,respect,none,none,none,playful,gets tired,to have fun,to turn on the tv,happy,to have fun
