sentence,principle,oEffect,oReact,oWant,xAttr,xEffect,xIntent,xNeed,xReact,xWant
the wolf is sleeping in bed.,self-care,none,none,none,tired,none,to be safe,to be in bed,tired,to wake up
the wolf has an alarm on the nightstand.,self-care,none,none,none,alert,wakes up late,none,to have a clock,sleepy,to wake up early
the alarm clock has months on it.,self-care,none,none,none,lazy,wakes up late,none,none,tired,to wake up early
the alarm clock arm is pointing to march.,self-care,none,none,none,ready,none,to wake up early,none,happy,to wake up early
