sentence,principle,oEffect,oReact,oWant,xAttr,xEffect,xIntent,xNeed,xReact,xWant
there are in the forest.,cooperation,none,none,none,adventurous,gets lost,to be in the woods,to be in the woods,happy,to go to the woods
they are mountains in the background.,cooperation,none,none,none,quiet,none,none,none,happy,to be a good listener
papa bear is sitting on a rock.,cooperation,none,none,none,brave,none,none,none,happy,to sit down
papa bear is looking at the baby bear.,cooperation,none,none,none,curious,none,none,none,happy,to smile
papa bear has hand in the air.,cooperation,none,none,none,curious,none,to be a hero,none,happy,to be a hero
baby bear is looking at papa bear.,cooperation,none,none,none,curious,none,to see the bear,none,happy,to be a good son
