sentence,principle,oEffect,oReact,oWant,xAttr,xEffect,xIntent,xNeed,xReact,xWant
they are on a soccer field.,cooperation,none,none,none,athletic,gets exercise,to be active,to go to the field,happy,to play soccer
you have two different teams.,cooperation,none,none,none,competitive,none,none,none,happy,to win
the boy in the red shorts is kicking the ball everyone is after the ball.,cooperation,none,none,to play,playful,gets hit,to play,to be playing,happy,to play
you have some guarding the goal.,cooperation,none,none,none,protective,gets promoted,to be a good friend,to be a guard,accomplished,to win the game
