sentence,principle,oEffect,oReact,oWant,xAttr,xEffect,xIntent,xNeed,xReact,xWant
they are at a birthday party.,assistiveness,none,happy,none,social,gets presents,to have fun,to buy a gift,happy,to have fun
everyone is on the floor surrounding each other.,assistiveness,none,none,none,engaged,none,none,none,happy,to get up
the boy is opening gifts.,assistiveness,none,none,none,curious,gets a gift,to see what 's inside,to buy gifts,happy,to give gifts
the boy has his mouth wide open.,assistiveness,none,none,none,loud,gets slapped,to be loud,none,embarrassed,to run away
there toys everywhere.,assistiveness,none,none,none,childish,gets exercise,to have fun,none,happy,to play with the toys
the kids are frowning.,assistiveness,none,none,none,annoyed,none,none,none,annoyed,to be a good parent
they family is in the kitchen.,assistiveness,none,none,none,responsible,none,to eat,to be in the kitchen,happy,to eat
