sentence,principle,oEffect,oReact,oWant,xAttr,xEffect,xIntent,xNeed,xReact,xWant
everyone is smiling.,humility,none,none,none,happy,none,none,none,happy,to smile
the boy is hugging his grandmother.,humility,none,loved,to hug back,loving,gets kissed,to show love,to be near grandmother,happy,to show love
there are things on the table.,humility,none,none,none,hungry,none,none,none,hungry,to eat
everyone is looking at the grandmother and grandson s hug.,humility,none,loved,to hug,loving,none,to show love,to walk to grandmother,happy,to hug the grandmother
