sentence,principle,oEffect,oReact,oWant,xAttr,xEffect,xIntent,xNeed,xReact,xWant
everyone is outside playing basketball.,cooperation,none,none,none,athletic,gets exercise,to have fun,to get dressed,happy,to have fun
the girl has her hands in the air.,cooperation,none,none,none,playful,gets caught,to play,none,happy,to run away
the boy in orange has the ball.,cooperation,none,none,none,playful,none,to play,to go to the park,happy,to play with the ball
the boy in purple is trying to get the ball.,cooperation,none,none,none,playful,gets hit,to play,to be playing,happy,to play with the ball
the boy in green is behind watching closely.,cooperation,none,none,none,observant,none,to be observant,none,happy,to be a good listener
