sentence,principle,oEffect,oReact,oWant,xAttr,xEffect,xIntent,xNeed,xReact,xWant
"there is a boy , he is on the phone.",politeness,none,none,none,young,none,none,none,happy,to talk
he has a ball in his hand and he is smiling.,politeness,none,none,none,playful,none,to play,none,happy,to play
there is a glass door behind him and rays of sun are peeking through.,politeness,none,none,none,bright,none,none,none,happy,to get out of the sun
there is a vase on the countertop.,politeness,none,none,none,careless,none,none,none,satisfied,to clean up
the vase is green.,politeness,none,none,none,healthy,none,none,none,happy,to clean up
there are two rugs on the floor.,politeness,none,none,none,clumsy,none,none,none,satisfied,to clean up
the rugs are blue.,politeness,none,none,none,careless,none,none,none,sad,to clean up
