sentence,principle,oEffect,oReact,oWant,xAttr,xEffect,xIntent,xNeed,xReact,xWant
"there is a boy , he is shouting something.",politeness,none,none,none,loud,gets yelled at,to be heard,none,silly,to get attention
"he is standing in front of a closet , the closet is open.",politeness,none,none,none,curious,gets cold,none,to walk to the closet,curious,to look inside
the boy is holding the sleeve of a shirt in the closet.,politeness,none,none,none,careful,gets yelled at,to hide something,to be in the closet,indifferent,to hide the shirt
there boy is in his room.,politeness,none,none,none,young,none,to be alone,none,happy,to play
the boy is looking in another direction.,politeness,none,none,none,curious,none,to find a path,none,curious,to find the way
the boy is looking for something in the closet.,politeness,none,none,none,curious,gets scared,to find something,to go to the closet,curious,to find it
