sentence,principle,oEffect,oReact,oWant,xAttr,xEffect,xIntent,xNeed,xReact,xWant
there is a boy.,cleanliness,none,none,none,young,none,none,none,happy,to grow up
the boy is in the room.,cleanliness,none,none,none,present,none,none,none,happy,to talk to the boy
he is sitting on the floor in front of his dresser.,cleanliness,none,none,none,lazy,gets dirty,to rest,to walk to the dresser,happy,to get up
the last drawer is opened.,cleanliness,none,none,none,careless,none,to get something out,none,relieved,to get a new drawer
there are clothes in the drawer.,cleanliness,none,none,none,dirty,none,to wear them,to have a drawer,surprised,to put them away
the boy is placing his clothing in the drawer.,cleanliness,none,none,none,tidy,none,to be neat,to pick up the clothes,satisfied,to clean up
there is a pair of shoes on the floor.,cleanliness,none,none,none,clumsy,none,none,to walk to the shoe store,happy,to walk
there are items on the dresser across the room.,cleanliness,none,none,none,curious,none,none,to walk over to the dresser,satisfied,to clean up
