sentence,principle,oEffect,oReact,oWant,xAttr,xEffect,xIntent,xNeed,xReact,xWant
there are three boys and one girl.,friendliness,none,none,none,young,none,none,none,happy,to have a party
"the first boy is holding onto the arm of the second boy , he is saying something.",friendliness,none,none,to get away,aggressive,gets yelled at,to be heard,none,happy,to let go
the other two boys and the girl are looking at the first boy.,friendliness,none,none,to get away from personx,curious,gets yelled at,to be noticed,to be in school,happy,to talk to the boy
there boy that has the other boy s arm s mouth is wide opened.,friendliness,none,none,to run away,rude,none,to be rude,none,angry,to be mean
the kids are looking at the boy in the red jacket.,friendliness,none,none,none,curious,none,to see the boy,none,happy,to say hello
the girl is holding on to her book bag straps.,friendliness,none,none,none,scared,none,to be safe,to be holding the bag,safe,to run away
the boy is holding the door handle.,friendliness,none,none,none,helpful,gets yelled at,to be polite,to walk to the door,helpful,to open the door
everyone is frowning.,friendliness,none,none,none,annoyed,none,none,none,annoyed,to be calm
