sentence,principle,oEffect,oReact,oWant,xAttr,xEffect,xIntent,xNeed,xReact,xWant
there are three boys sitting on a bench.,respect,none,none,none,young,none,none,none,happy,to play
the first boy is smiling and holding up his hand.,respect,none,none,to say hello,friendly,gets a kiss,to be funny,none,happy,to say hello
"the second boy is pointing to the second boy , he is frowning and looking at the.",respect,none,none,none,suspicious,boy,to be sure,to be looking,annoyed,to make sure the boy is not looking
there other boy is looking in a different direction.,respect,none,none,none,curious,none,to be more knowledgable,none,confused,to find a new path
there are stairs behind the boy.,respect,none,none,none,sneaky,none,none,none,happy,to get up
they all have the same uniform.,respect,none,none,none,proud,none,to be a uniform,none,proud,to go to the party
