sentence,principle,oEffect,oReact,oWant,xAttr,xEffect,xIntent,xNeed,xReact,xWant
there is a man and a boy.,cleanliness,none,none,none,manly,none,none,none,happy,to grow up
the man has books in his hand he is opening the door.,cleanliness,none,none,none,prepared,gets yelled at,to be polite,to have a book,good,to leave
looking back at the boy.,cleanliness,none,none,none,curious,none,to be noticed,none,happy,to talk to the boy
the man is smiling the boy is grabbing something from a shelf.,cleanliness,none,none,none,friendly,gets yelled at,to be a good person,none,happy,to give it to the boy
there are plants on the shelf.,cleanliness,none,none,none,healthy,none,none,none,happy,to plant more
