sentence,principle,oEffect,oReact,oWant,xAttr,xEffect,xIntent,xNeed,xReact,xWant
there is a boy he has his hand on the phone.,respect,none,none,none,curious,none,to be informed,none,happy,to talk to his mom
beside him is a table with displays of trucks.,respect,none,none,none,outgoing,none,none,none,happy,to show off their new product
the boy is frowning.,respect,none,none,none,annoyed,none,none,none,annoyed,to get away from the boy
there phone is hanging on the wall.,respect,none,none,none,curious,none,none,to pick up the phone,happy,to call someone
the trucks on the display are in different colors.,respect,none,none,none,unique,none,none,none,surprised,to make a difference
