sentence,principle,oEffect,oReact,oWant,xAttr,xEffect,xIntent,xNeed,xReact,xWant
"there are four boys , three are sitting down around a board game.",friendliness,none,none,none,playful,none,to have fun,to be playing,happy,to play
the fourth boy is on his knees by a table.,friendliness,none,none,none,humble,gets dirty,to propose marriage,none,nervous,to propose marriage
"the table has a box of pizza on it , napkins , cups and a bottle of.",friendliness,none,none,none,hungry,is full,to eat,to buy the pizza,full,to clean up
the boy is looking back at his friends.,friendliness,none,none,to talk to personx,curious,none,to be alone,none,happy,to talk to them
"one of the three boys has his arms up , he is smiling.",friendliness,none,none,none,playful,none,to show off,none,happy,to play
there is a table to play games on.,friendliness,none,none,none,playful,none,to have fun,none,happy,to have fun
