sentence,principle,oEffect,oReact,oWant,xAttr,xEffect,xIntent,xNeed,xReact,xWant
people are sitting in chairs.,politeness,none,none,none,relaxed,gets tired,to be alone,to walk to the chairs,relaxed,to rest
there is a lady sitting in.,politeness,none,none,none,feminine,none,none,none,happy,to get up
front of a harp.,politeness,none,none,none,rich,none,none,none,happy,to be heard
there is another lady is sitting in front of a harp.,politeness,none,none,none,confident,none,none,none,happy,to be noticed
they are watching the ladies playing harps.,politeness,none,none,none,bored,gets applauded,to be entertained,to be in a room,entertained,to entertain
there are two women sitting on stage playing the harp.,politeness,none,none,none,musical,none,to be heard,none,happy,to entertain
there are some people sitting in the grass and others in chairs.,politeness,none,none,none,relaxed,none,to be in a good mood,none,happy,to talk
