sentence,principle,oEffect,oReact,oWant,xAttr,xEffect,xIntent,xNeed,xReact,xWant
"there are two boys , the first one is standing and smiling.",caution,none,none,none,happy,none,none,none,happy,to be the best
"the second boy is falling he has a long rope in his hand , his mouth is.",caution,none,none,none,clumsy,he gets hurt,none,none,sad,to get a rope
there first boy has his hands near his chest.,caution,none,none,none,playful,gets dirty,to be intimate,none,happy,to play with the boy
the first boy is looking at the second boy.,caution,none,none,to talk to personx,curious,none,to be noticed,none,interested,to talk to the boy
the second boy legs in the air.,caution,none,none,none,athletic,none,none,none,happy,to run
they were playing tug of war.,caution,none,none,none,playful,wins,to be competitive,none,competitive,to win
