sentence,principle,oEffect,oReact,oWant,xAttr,xEffect,xIntent,xNeed,xReact,xWant
there is a giraffe and a bird.,friendliness,none,none,none,intelligent,none,none,none,happy,to eat
the bird is sitting in the branches of a tree he is looking at the giraffe.,friendliness,none,none,none,curious,none,to see the birds,none,happy,to admire the giraffes
"the giraffe is looking at the bird , he is smiling and saying something.",friendliness,none,none,none,amused,none,to show his love,none,happy,to make the giraffe laugh
there bird is red.,friendliness,none,none,none,angry,none,none,none,angry,to get a drink
the giraffe is yellow and black with spots.,friendliness,none,none,none,ugly,none,none,none,sad,to eat
the bird is small.,friendliness,none,none,none,small,none,none,none,happy,to eat
the giraffe is long.,friendliness,none,none,none,tall,none,none,none,happy,to eat
