sentence,principle,oEffect,oReact,oWant,xAttr,xEffect,xIntent,xNeed,xReact,xWant
there is a woman and a girl.,friendliness,none,none,none,attractive,none,none,none,happy,to have a baby
"the woman is hugging the girl , the girl is smiling.",friendliness,none,happy,to smile,loving,gets kissed,to be affectionate,none,happy,to kiss the girl
the girl has flowers in her hand.,friendliness,none,none,none,romantic,gets a gift,none,none,happy,to give them to the girl
there girl is blushing.,friendliness,none,none,none,shy,blushes,none,none,embarrassed,to get away from the girl
