sentence,principle,oEffect,oReact,oWant,xAttr,xEffect,xIntent,xNeed,xReact,xWant
there are three girls and one boy.,cooperation,none,none,none,young,none,none,none,happy,to have a party
"the first girl has a baggie full of cookies , she is holding out the bag to.",cooperation,none,none,none,greedy,gets dirty,to eat,to have a bag,guilty,to eat
the third girl is taking a bite of her cookie.,cooperation,none,none,none,greedy,chews,to eat,to be hungry,full,to eat
the boy is holding his cookie in his hand.,cooperation,none,none,none,hungry,gets dirty,to eat,to have a cookie,happy,to eat the cookie
