sentence,principle,oEffect,oReact,oWant,xAttr,xEffect,xIntent,xNeed,xReact,xWant
"there is a boy , he is frowning.",self-care,none,none,none,childish,none,none,none,sad,to be a boy
he is reaching down to pick up something from the basket in front of him.,self-care,none,none,none,decisive,gets yelled at,to pick something up,to be playing,happy,to put something down
"there is a table beside him it is covered in papers , paintbrushes and a box with.",self-care,none,none,none,careless,none,none,none,happy,a pencil
"in the basket is wooden pieces , in the boys left hand is one of the wooden.",self-care,none,none,none,careless,none,none,none,sad,to play a game
the boy is sitting in the chair.,self-care,none,none,none,bored,gets yelled at,to sit,none,relaxed,to get up
the boy is looking at the manual.,self-care,none,none,none,curious,none,to learn,none,informed,to learn
the boy has something in his hand.,self-care,none,none,none,curious,none,to be helpful,none,happy,to give it to the boy
