sentence,principle,oEffect,oReact,oWant,xAttr,xEffect,xIntent,xNeed,xReact,xWant
"there is a boy , he has his hand on his head , his other hand is.",self-care,none,none,none,playful,he gets a headache,none,none,smart,to play
he is standing at a wooden table.,self-care,none,none,none,curious,gets tired,to eat,none,happy,to eat
the wooden table has crooked nails on it and a wooden bird house.,self-care,none,none,none,careless,gets scolded,none,none,sad,to clean up the mess
the bird house has a nail sticking out the top and a missing slant in it s.,self-care,none,none,none,careless,none,none,none,satisfied,to get a nail
behind the boy is a shelf of different colored paints and a box of wooden boards.,self-care,none,none,none,creative,none,none,none,happy,to paint
the boy is frowning and looking down at the bird house.,self-care,none,none,none,curious,none,none,none,annoyed,to look away
there is a shelf of different varieties of paint.,self-care,none,none,none,creative,none,none,none,happy,to paint
there is more wood behind the boy.,self-care,none,none,none,helpful,none,none,none,happy,to make a fire
there is a box of nails on the table.,self-care,none,none,none,careless,none,none,none,happy,to get a manicure
