sentence,principle,oEffect,oReact,oWant,xAttr,xEffect,xIntent,xNeed,xReact,xWant
there is a woman standing by a table.,law-abiding,none,none,none,curious,gets a tip,to be noticed,none,happy,to talk to the woman
there is a dog at the table.,law-abiding,none,none,none,playful,none,none,none,happy,to play with the dog
"the woman has a notepad and pen in her hand , she is frowning.",law-abiding,none,none,none,thoughtful,writes,to write,none,nervous,to write something down
the woman has a apron and a cap on.,law-abiding,none,none,none,trendy,gets dirty,to be fashionable,to buy a apron,happy,to cook
there is a man and a woman on either side of the dog they are both smiling.,law-abiding,none,none,none,happy,happy,none,none,happy,to be happy
