sentence,principle,oEffect,oReact,oWant,xAttr,xEffect,xIntent,xNeed,xReact,xWant
"there is six kids , each playing a different kind of sport.",self-care,none,none,none,playful,none,to have fun,none,happy,to have fun
the first boy is playing soccer.,self-care,none,none,none,athletic,gets exercise,to have fun,to go to the field,happy,to have fun
"the second boy is playing football , he has a helmet on his head.",self-care,none,none,none,athletic,gets hit,to protect his head,to put on the helmet,safe,to play football
the first girl is jumping over a creek.,self-care,none,none,none,athletic,gets hurt,to be a hero,to be in a ditch,excited,to jump down
the second girl is playing baseball.,self-care,none,happy,none,athletic,gets exercise,to have fun,to get a ball,happy,to have fun
the third boy is playing tennis.,self-care,none,none,none,athletic,gets exercise,to have fun,to go to the court,happy,to have fun
the third girl is running.,self-care,none,none,none,athletic,gets sweaty,to be a matchmaker,none,happy,to get a drink
