sentence,principle,oEffect,oReact,oWant,xAttr,xEffect,xIntent,xNeed,xReact,xWant
there is a woman and a boy.,respect,none,none,none,feminine,none,none,none,happy,to have a baby
"behind the counter is another woman , she is smiling.",respect,none,none,none,attractive,none,none,none,happy,to flirt
she is looking at the book in the boys hand.,respect,none,none,none,curious,none,to read,none,interested,to read
the boy is also looking at the book and smiling.,respect,none,none,none,interested,none,none,none,happy,to read
the woman is looking at something on the counter.,respect,none,none,none,curious,gets a surprise,none,none,curious,to get a drink
behind them are shelves filled with books.,respect,none,none,none,studious,none,none,none,interested,to read
they are in a bookstore.,respect,none,none,none,curious,none,to read,to go to the bookstore,interested,to read
the woman is holding her purse.,respect,none,none,none,careful,none,to be helpful,to be in a hurry,good,to go to the store
the woman behind the counter is looking at the boy.,respect,none,none,to go home,curious,none,to be noticed,none,interested,to talk to the boy
