sentence,principle,oEffect,oReact,oWant,xAttr,xEffect,xIntent,xNeed,xReact,xWant
the man is wearing a red cap.,assistiveness,none,none,none,stylish,gets hit,to hide their face,none,attractive,to hide their face
the man and the boy are standing in front of each other.,assistiveness,none,none,to talk to personx,friendly,none,to be in front of the boy,to walk up to the boy,happy,to talk to the boy
the boy is holding a red coat.,assistiveness,none,none,none,cold,gets dirty,to be warm,none,warm,to put the coat on
there is a sign saying volunteer today.,assistiveness,none,none,none,helpful,none,to be helpful,none,good,to help others
the man and the boy are standing in front of a table.,assistiveness,none,none,to eat,bold,none,to eat,to walk to the table,happy,to eat
attached to the table is a sign that reads sign up.,assistiveness,none,none,none,curious,none,to read sign up,none,informed,to read the sign
the man is holding a clipboard.,assistiveness,none,none,none,responsible,none,to be a leader,none,responsible,to read the instructions
they are both smiling.,assistiveness,none,none,none,happy,none,none,none,happy,to smile
