sentence,principle,oEffect,oReact,oWant,xAttr,xEffect,xIntent,xNeed,xReact,xWant
there is a boy.,cleanliness,none,none,none,young,none,none,none,happy,to grow up
he is in the bathroom.,cleanliness,none,none,none,clean,none,to wash his hands,to go to the bathroom,relieved,to wash their hands
he is putting his towel on the rack.,cleanliness,none,none,none,dry,gets wet,to dry off,to get up,dry,to dry off
there is a white and green shower curtain behind him.,cleanliness,none,none,none,playful,none,none,none,happy,to clean up
