sentence,principle,oEffect,oReact,oWant,xAttr,xEffect,xIntent,xNeed,xReact,xWant
there is a mom and her son.,politeness,none,none,none,caring,none,none,none,happy,to raise the child
the mom has a shopping cart in her hands.,politeness,none,none,none,needy,gets tired,to have fun,to go to the store,happy,to go to the store
she is looking at the boy.,politeness,none,none,none,curious,none,to be noticed,none,happy,to talk to the boy
the boy is behind her.,politeness,none,none,none,sneaky,none,none,none,happy,to get to the destination
he is holding something up i and is saying something.,politeness,none,none,none,helpful,none,to be heard,none,good,to get it over with
there is a sign that says sale there is another sign that says top.,politeness,none,none,none,hopeful,none,to sell,none,happy,to sell
"next to the woman , there are shelves of box tvs.",politeness,none,none,none,greedy,none,none,none,happy,to buy the product
