sentence,principle,oEffect,oReact,oWant,xAttr,xEffect,xIntent,xNeed,xReact,xWant
there is a woman and a boy.,cleanliness,none,none,none,feminine,none,none,none,happy,to have a baby
the boy is getting up from the table.,cleanliness,none,none,none,tired,gets dirty,to leave,to be hungry,tired,to leave
"on the table is a plate covered in crumbs , a crumpled napkin , an empty glass.",cleanliness,none,none,none,careless,and a mess,none,none,full,a plate
the mom is walking in with flowers in her hand.,cleanliness,none,loved,none,loving,gets kissed,to be loved,none,loved,to go to the park
she is looking at the boy get up.,cleanliness,none,none,none,curious,none,to be noticed,none,happy,to go to the bathroom
