sentence,principle,oEffect,oReact,oWant,xAttr,xEffect,xIntent,xNeed,xReact,xWant
there is a blue place mat.,assistiveness,none,none,none,talented,none,none,none,happy,to be a good trainer
"it has three plates on it , one with a picture of an apple and another with.",assistiveness,none,none,none,hungry,none,none,to buy apples,full,to eat
the plates vary in size.,assistiveness,none,none,none,careless,none,none,none,satisfied,to eat
it also has two bowls.,assistiveness,none,none,none,hungry,none,to eat,to buy milk,full,to eat
one bigger than the other.,assistiveness,none,none,none,fat,none,none,none,bigger,to eat
it also has a cup with a picture of fruit on it.,assistiveness,none,none,none,curious,none,none,none,happy,to eat
