sentence,principle,oEffect,oReact,oWant,xAttr,xEffect,xIntent,xNeed,xReact,xWant
there is a boy.,respect,none,none,none,young,none,none,none,happy,to grow up
he standing next to a table.,respect,none,none,none,social,gets a drink,to be near people,to walk to the table,happy,to eat
on the table there is a plate with two apples and a banana on it.,respect,none,none,none,hungry,none,none,to go to the kitchen,full,to eat
the boy s reaching for the banana.,respect,none,none,none,hungry,gets a banana,to eat,none,satisfied,to eat
there is a opening in the wall leading to the living room.,respect,none,none,none,helpful,none,none,to walk into the room,happy,to get out
a woman is sitting in a chair looking back at the boy.,respect,none,none,none,curious,none,to be alone,none,happy,to talk to the boy
two kids sit across from her on a sofa.,respect,none,none,none,friendly,none,to be close to the kids,to walk to the sofa,happy,to talk
they too are looking at the boy.,respect,none,none,none,curious,none,none,none,interested,to talk to the boy
