sentence,principle,oEffect,oReact,oWant,xAttr,xEffect,xIntent,xNeed,xReact,xWant
there is a boy and his father.,respect,none,none,none,young,none,none,none,happy,to grow up
the father is sitting in a sofa with a lamp on and he is reading the newspaper.,respect,none,none,none,interested,none,to read,to turn on the lamp,content,watching the news
the boy is standing beside him holding two pieces of a camera in his hand.,respect,none,none,none,helpful,gets yelled at,to be helpful,to pick up the pieces,happy,to take pictures
the father looks displeased.,respect,none,none,none,angry,none,none,none,upset,to get away from the situation
the boy is looking down and frowning.,respect,none,none,none,annoyed,none,none,none,annoyed,to look away
