sentence,principle,oEffect,oReact,oWant,xAttr,xEffect,xIntent,xNeed,xReact,xWant
there is an elephant and four birds.,respect,none,none,none,intelligent,none,none,none,happy,to be a bird
the elephant has it s trunk fully extended.,respect,none,none,none,determined,none,none,none,satisfied,to get it over with
the birds are resting on the elephants trunk and looking every other way.,respect,none,none,none,curious,none,none,none,happy,to get a drink
at the elephant.,respect,none,none,none,curious,none,none,none,happy,to show off their knowledge
the elephant is saying something.,respect,none,none,none,talkative,none,to be heard,none,satisfied,to get attention
there elephant s eyebrows are up.,respect,none,none,none,curious,none,none,none,happy,to laugh
"the elephants are standing next to a big , long bush.",respect,none,none,none,curious,gets sweaty,none,none,happy,to get a drink
