sentence,principle,oEffect,oReact,oWant,xAttr,xEffect,xIntent,xNeed,xReact,xWant
there is a boy and a man.,patience,none,none,none,young,none,none,none,happy,to grow up
the boy is holding a cup out to the man and is saying something.,patience,none,none,to say something,helpful,gets a drink,to be polite,to be a waiter,happy,to get the man 's attention
the man is behind the counter.,patience,none,none,none,sneaky,none,none,none,happy,to get a tip
he is leaning over to see what s in the boys hand.,patience,none,none,to tell personx what they think,curious,gets yelled at,to be nosy,none,curious,to get a better look
the man has a vest on and a name tag.,patience,none,none,none,proud,none,to be safe,to go to the store,happy,to wear the tag
behind them on the top wall is a menu and below that is a rack with pizza.,patience,none,none,none,ambitious,and drinks beer,none,none,happy,drinks
an ice cream station sits to the right of the man.,patience,none,none,none,mean,none,to be in control,to walk to the man,happy,to eat the ice cream
