sentence,principle,oEffect,oReact,oWant,xAttr,xEffect,xIntent,xNeed,xReact,xWant
there is a boy.,respect,none,none,none,young,none,none,none,happy,to grow up
he has the door open and is shouting something to the man outside.,respect,none,annoyed,to leave,loud,gets yelled at,to be heard,to be in a meeting,relieved,to get the man 's attention
the boy has a pair of shoes and socks in either hand.,respect,none,none,none,prepared,none,to be prepared,to go to the store,happy,to put them on
outside the man is standing by a car.,respect,none,none,none,curious,gets into trouble,to get in the car,to walk to the car,happy,to get in the car
inside the car someone is standing behind the steering wheel.,respect,none,none,none,careless,gets hit by car,to be safe,to be driving,nervous,to drive away
