sentence,principle,oEffect,oReact,oWant,xAttr,xEffect,xIntent,xNeed,xReact,xWant
there are two boys and one girl.,friendliness,none,none,none,young,none,none,none,happy,to have a baby
the first boy is standing in the doorway smiling.,friendliness,none,none,to say hello,happy,none,none,none,happy,to say hello
he has a ball cap in his hand.,friendliness,none,none,none,prepared,gets hit by a ball,to play a game,to have a ball,happy,to play with the ball
the boy and the girl are walking towards him.,friendliness,none,happy,to say hello,friendly,none,to be with the boy,to be walking,happy,to talk to the boy
