sentence,principle,oEffect,oReact,oWant,xAttr,xEffect,xIntent,xNeed,xReact,xWant
there is a boy and a woman.,law-abiding,none,none,none,young,none,none,none,happy,to have a baby
the box has swim shorts on and is holding a green floating device.,law-abiding,none,none,none,playful,gets wet,to swim,to put the box in the water,happy,to swim
he is pointing to a sign behind him.,law-abiding,none,none,none,curious,none,to show something,none,informed,to tell them something
the woman is looking at the boy she also has swimwear on and a blue cap.,law-abiding,none,none,none,interested,none,to be clothed,to go to the store,happy,a hat
behind them is a big swimming pool.,law-abiding,none,none,none,athletic,gets exercise,to have fun,to swim,happy,to swim
there girl has a whistle around her neck.,law-abiding,none,none,none,brave,none,to be fashionable,none,happy,to keep it
there are people in the pool.,law-abiding,none,none,none,playful,gets wet,none,to go to the pool,happy,to swim
there are people around the pool.,law-abiding,none,none,none,social,gets exercise,to have fun,to go to the pool,happy,to have fun
