sentence,principle,oEffect,oReact,oWant,xAttr,xEffect,xIntent,xNeed,xReact,xWant
there is a boy and a girl.,law-abiding,none,none,none,young,none,none,none,happy,to have a baby
they are both sitting at a table.,law-abiding,none,none,none,hungry,none,to eat,none,happy,to eat
on the table is a board game.,law-abiding,none,none,none,competitive,none,to be competitive,none,happy,to win
the boy is smiling and looking down at the board.,law-abiding,none,none,none,curious,none,to be noticed,none,happy,to play
the girl is frowning and looking at the boy.,law-abiding,none,none,to smile,curious,none,none,none,confused,to say hello
there boy is pointing at the board.,law-abiding,none,none,none,curious,none,to be noticed,none,happy,to play
the something on the table next to the game board.,law-abiding,none,none,none,competitive,gets yelled at,to play the game,to go to the game board,happy,to play the game
