sentence,principle,oEffect,oReact,oWant,xAttr,xEffect,xIntent,xNeed,xReact,xWant
there are two boys.,friendliness,none,none,none,young,none,none,none,happy,to grow up
between them is a air hockey table.,friendliness,none,none,none,athletic,gets exercise,to be competitive,to practice,competitive,to win the game
the first boy is smiling.,friendliness,none,none,none,happy,none,none,none,happy,to have a conversation
the second is reaching into the compartment and pulling out the puck.,friendliness,none,none,none,curious,none,to be a good listener,none,satisfied,to get it out
