sentence,principle,oEffect,oReact,oWant,xAttr,xEffect,xIntent,xNeed,xReact,xWant
there are two boys and two girls.,friendliness,none,none,none,young,none,none,none,happy,to have fun
they are sitting at a table for lunch.,friendliness,none,none,none,hungry,eats,to eat,to walk to the table,full,to eat
the two boys are both saying something and making gestures with their hands.,friendliness,none,none,to listen to personx,expressive,gets yelled at,to show their frustration,none,happy,to make them understand
the girl sitting beside them are looking at them and is picking up her milk.,friendliness,none,none,none,curious,gets dirty,to be helpful,none,happy,to drink the milk
the girl across from them is looking at them.,friendliness,none,none,none,curious,none,to be noticed,none,happy,to talk to them
