sentence,principle,oEffect,oReact,oWant,xAttr,xEffect,xIntent,xNeed,xReact,xWant
there is a cow eating grass.,self-care,none,none,none,lazy,none,to be productive,none,satisfied,to get a drink
there is a white fence a little ways away.,self-care,none,none,none,lonely,none,none,none,safe,to get to the fence
a girl is standing behind the fence watching the cow eat.,self-care,none,none,none,curious,gets dirty,to be a good observer,none,happy,to go home
there cow is white with brown spots.,self-care,none,none,none,ugly,none,none,none,sad,to clean up the mess
the girl is resting her arms on the fence.,self-care,none,none,none,tired,gets yelled at,to rest,none,relaxed,to get up
