sentence,principle,oEffect,oReact,oWant,xAttr,xEffect,xIntent,xNeed,xReact,xWant
there is a man he is water skiing.,caution,none,none,none,athletic,gets wet,none,to get a skiing permit,happy,to get a tan
there is a long spiny creature making large arcs in the water with it s body.,caution,none,none,none,strong,gets wet,none,none,happy,to swim
the man is skiing through one of the arcs.,caution,none,none,none,adventurous,gets hurt,none,to get a ski mask,happy,to get out of the snow
the man is frowning.,caution,none,none,none,annoyed,none,none,none,annoyed,to get a drink
there man is holding a rope.,caution,none,none,none,helpful,none,to be helpful,none,accomplished,to tie the rope
there are birds in the air.,caution,none,none,none,curious,none,none,none,happy,to fly
there are clouds in the air.,caution,none,none,none,curious,none,none,none,happy,to be in the air
the man is wearing shorts.,caution,none,none,none,casual,gets sunburned,to be clothed,to put on shorts,comfortable,to go outside
