sentence,principle,oEffect,oReact,oWant,xAttr,xEffect,xIntent,xNeed,xReact,xWant
there is a boy he is walking down a hall.,friendliness,none,none,none,young,gets exercise,none,none,happy,to get to the end of the hall
behind him three boys encircle this one boy.,friendliness,none,none,none,playful,none,to be in charge,none,happy,to teach them
two of the three boys has his hands on there hips and are smiling.,friendliness,none,none,none,playful,none,to be playful,none,happy,to dance
the boy in the middle is looking down.,friendliness,none,none,none,curious,none,to be alone,none,curious,to get away
his books are scattered on the floor.,friendliness,none,none,none,careless,none,none,none,upset,to clean up
the boy walking down the hall is looking back at them.,friendliness,none,none,none,curious,none,to see them,none,happy,to say hello
