sentence,principle,oEffect,oReact,oWant,xAttr,xEffect,xIntent,xNeed,xReact,xWant
there is a boy and a man.,self-care,none,none,none,young,none,none,none,happy,to grow up
the man is wearing a green raincoat.,self-care,none,none,none,cold,gets cold,to be warm,none,warm,to go outside
the man is walking through the door.,self-care,none,none,none,curious,gets greeted,to go to the store,to open the door,happy,to say hello
the boy is holding an orange umbrella.,self-care,none,none,none,careful,gets wet,to be dry,none,prepared,to keep the umbrella
the boy is shaking the umbrella.,self-care,none,none,none,careless,gets wet,to be careful,none,wet,to get the boy to leave
the man is frowning.,self-care,none,none,none,annoyed,none,none,none,annoyed,to get a drink
there man is pointing at the umbrella.,self-care,none,none,none,curious,none,to be helpful,none,happy,to get a drink
the boy has on a red coat.,self-care,none,none,none,cold,gets dirty,to be warm,to go to the store,warm,to go outside
"outside the house , it is raining.",self-care,none,none,none,wet,none,none,none,wet,to get a umbrella
