sentence,principle,oEffect,oReact,oWant,xAttr,xEffect,xIntent,xNeed,xReact,xWant
there is a boy and a woman.,friendliness,none,none,none,young,none,none,none,happy,to have a baby
the boy is saying something to the woman.,friendliness,none,none,to listen to personx,social,gets yelled at,to be heard,none,happy,to get her attention
the woman is wearing a yellow tracksuit.,friendliness,none,none,none,attractive,gets slapped,to be fashionable,to buy a yellow tracksuit,attractive,to go out
she has a basketball and a whistle in either hand.,friendliness,none,none,none,athletic,gets hit,to play basketball,to have a ball,happy,to play
she is looking at the boy.,friendliness,none,none,none,curious,none,to be noticed,none,happy,to talk to the boy
there on a basketball court.,friendliness,none,none,none,athletic,gets exercise,to be competitive,to go to the court,happy,to win the game
the basketball court is fenced in.,friendliness,none,none,none,competitive,gets sweaty,none,to be in a basketball game,competitive,to win the game
there are other people on the basketball court.,friendliness,none,none,to play,athletic,none,none,to be playing,happy,to play
