sentence,principle,oEffect,oReact,oWant,xAttr,xEffect,xIntent,xNeed,xReact,xWant
there is a boy.,cleanliness,none,none,none,young,none,none,none,happy,to grow up
beside him is a door.,cleanliness,none,none,none,strong,none,none,none,good,to be noticed
the boy is standing on a rug.,cleanliness,none,none,none,curious,none,none,none,happy,to walk
the boy is pulling on his shoes.,cleanliness,none,none,none,scared,gets hurt,to get up,to be walking,nervous,to get up
there are a pair of shoes on the other mat.,cleanliness,none,none,none,athletic,none,none,to put on shoes,happy,to get a new pair
the other mat is green.,cleanliness,none,none,none,healthy,none,none,none,happy,to win the match
the shoes on the mat are brown.,cleanliness,none,none,none,dirty,none,to be a shoe trainer,to put on shoes,like they are getting a new pair of shoes,to get a new pair
