sentence,principle,oEffect,oReact,oWant,xAttr,xEffect,xIntent,xNeed,xReact,xWant
there are two green fish.,law-abiding,none,none,none,playful,none,none,none,happy,to eat
one has a sign in it s mouth that says no fishing.,law-abiding,none,none,none,mean,none,none,none,annoyed,to catch fish
the second fish is saying something to the first.,law-abiding,none,none,none,talkative,none,to be heard,none,happy,to make a point
bubbles are rising up from the second fishes mouth.,law-abiding,none,none,none,brave,none,none,none,happy,to eat
below them is a sandy bed.,law-abiding,none,none,none,playful,none,none,none,happy,to have fun
