sentence,principle,oEffect,oReact,oWant,xAttr,xEffect,xIntent,xNeed,xReact,xWant
there is a boy a girl and a man.,self-care,none,none,none,young,none,none,none,happy,to have a baby
the girl and the man are sitting at a desk.,self-care,none,none,none,engaged,none,to work,to walk to the desk,happy,to talk to the girl
on the desk are a stack of papers and a pen.,self-care,none,none,none,organized,none,none,none,satisfied,to write a letter
in the mans hand is another paper.,self-care,none,none,none,helpful,none,none,none,happy,to read the paper
him and the girl are looking at the paper.,self-care,none,none,none,curious,none,to know what the paper is about,none,interested,to read the paper
the boy is standing beside the desk.,self-care,none,none,none,helpful,gets yelled at,to be helpful,none,happy,to talk to the boy
he is looking down at the paper in his hand.,self-care,none,none,none,curious,none,to read,none,informed,to read the paper
