sentence,principle,oEffect,oReact,oWant,xAttr,xEffect,xIntent,xNeed,xReact,xWant
there is a boy.,cleanliness,none,none,none,young,none,none,none,happy,to grow up
he is standing in front of a drawer.,cleanliness,none,none,none,curious,gets yelled at,to find something,to walk to the drawer,nervous,to open the drawer
he has opened the top drawer and is holding a necklace with a watch at the end.,cleanliness,none,none,none,careful,none,to wear it,to have a watch,happy,to put the watch on
there is a green box on top of the dresser.,cleanliness,none,none,none,tidy,none,none,none,happy,to clean up
behind the boy is a rocking chair with a quilt on it.,cleanliness,none,none,none,playful,none,none,none,happy,to play
