sentence,principle,oEffect,oReact,oWant,xAttr,xEffect,xIntent,xNeed,xReact,xWant
there is a man riding a horse.,caution,none,none,none,athletic,gets hurt,to have fun,to get on the horse,happy,to ride a horse
the man is dressed in metal armor.,caution,none,none,none,dangerous,gets hurt,to be dangerous,to wear a metal gauntlet,proud,to protect himself
he is holding a jousting rod.,caution,none,none,none,skilled,none,to win,to have a lance,happy,to win the tournament
three sausages are skewered at the end of the rod.,caution,none,none,none,mean,none,none,none,satisfied,to eat
the man is smiling and the horse is running.,caution,none,none,none,playful,none,none,none,happy,to win the race
a little ways ahead of them is a sign the says picnic area.,caution,none,none,none,adventurous,none,to be a good person,none,happy,to go to the picnic area
there man is standing on top of the horse.,caution,none,none,none,strong,gets hurt,none,none,happy,to ride the horse
the horse legs are galloping into each other.,caution,none,none,none,aggressive,none,none,none,happy,to get off the horse
the man is hoping for the ropes that are on the horse.,caution,none,none,none,hopeful,none,to be successful,none,hopeful,to get the job done
