sentence,principle,oEffect,oReact,oWant,xAttr,xEffect,xIntent,xNeed,xReact,xWant
"there is a mother , a father , and a son sitting in a booth.",politeness,none,none,none,caring,gets a baby,to have a baby,to have sex,happy,to have a baby
on the table is plates of food.,politeness,none,none,none,hungry,gets dirty,to eat,to cook,full,to eat
the mother is holding a basket of rolls.,politeness,none,none,none,caring,none,to be helpful,to have a basket,happy,to put the rolls in the basket
the boy is biting into a hamburger.,politeness,none,none,none,hungry,chews,to eat,to be hungry,hungry,to eat
the father is putting butter on a roll.,politeness,none,none,none,hungry,eats,to eat,to buy the ingredients,hungry,to eat the roll
the father is frowning.,politeness,none,none,none,angry,none,none,none,upset,to cry
there are cups on the table.,politeness,none,none,none,generous,none,none,none,happy,to drink
there are utensils next to everyone s plate.,politeness,none,none,to eat,generous,gets dirty,to be helpful,to be near the table,full,to eat
there is a couple sitting behind the family.,politeness,none,none,to be alone,loving,none,none,none,happy,to be alone
