sentence,principle,oEffect,oReact,oWant,xAttr,xEffect,xIntent,xNeed,xReact,xWant
there are two boys and a man.,politeness,none,none,none,young,none,none,none,happy,to grow up
they are all sitting at a table.,politeness,none,none,none,hungry,none,to eat,to walk to the table,happy,to eat
they have plates and glasses in front of them.,politeness,none,none,none,prepared,none,to eat,to have a plate,happy,to eat
there s a tray of lasagna in the middle of the table.,politeness,none,none,none,hungry,gets dirty,to eat,to go to the kitchen,full,to eat
they all have lasagna on there plates and are eating.,politeness,none,none,none,hungry,gets full,to eat,to buy lasagna,full,to eat
