sentence,principle,oEffect,oReact,oWant,xAttr,xEffect,xIntent,xNeed,xReact,xWant
"there is a boy ,.",caution,none,none,none,young,none,none,none,happy,to grow up
he is standing some distance away from a ambulance.,caution,none,none,none,scared,gets hurt,none,to be in a vehicle,sad,to get medical help
two emt s are loading a patient into the back of the vehicle.,caution,none,none,to get to the hospital,helpful,gets dirty,to help someone,to get into the vehicle,helpful,to get the patient to safety
a little way from them a couple and there dog are watching what s happening.,caution,none,none,none,curious,none,none,none,happy,to be left alone
there boy is watching the scene.,caution,none,none,none,observant,none,to be entertained,none,happy,to be entertained
the boy has both hands in his pocket.,caution,none,none,none,sneaky,none,to hide something,none,nervous,to hide
