sentence,principle,oEffect,oReact,oWant,xAttr,xEffect,xIntent,xNeed,xReact,xWant
there are two boys.,politeness,none,none,none,young,none,none,none,happy,to grow up
they are walking through a door that reads barclay science museum.,politeness,none,none,none,curious,gets lost,to learn,to go to the museum,interested,to learn about the subject
they both have bags in their hands and are smiling.,politeness,none,none,none,happy,none,none,none,happy,to carry them
behind them a man is behind a glass counter.,politeness,none,none,none,sneaky,none,none,none,happy,to get a drink
a girl and a boy are walking around looking through the shelves.,politeness,none,none,none,interested,gets sweaty,to find something,to go to the store,happy,to buy a gift
there is a man standing at the desk.,politeness,none,none,none,responsible,none,to be in charge,none,nervous,to get a job
the man is looking at the kids near the wall.,politeness,none,none,none,curious,none,to see them,none,happy,to talk to the kids
the kids in the back are looking at something on the wall.,politeness,none,none,none,curious,gets yelled at,none,none,curious,to get a better look
