sentence,principle,oEffect,oReact,oWant,xAttr,xEffect,xIntent,xNeed,xReact,xWant
there is a mother possum and three baby possums.,cooperation,none,none,none,a possum,none,none,none,happy,to be a good mother
the mother and two of the baby possums are hanging upside down.,cooperation,none,none,none,playful,none,none,none,sad,to get a drink
but the possum at the end is hanging upright.,cooperation,none,none,none,strong,none,none,none,satisfied,to be successful
he has his arms crossed.,cooperation,none,none,none,defensive,none,to be in control,none,angry,to be in control
