sentence,principle,oEffect,oReact,oWant,xAttr,xEffect,xIntent,xNeed,xReact,xWant
there is a spider.,cleanliness,none,none,none,scared,none,none,none,scared,to run away
he is standing in the middle of a web.,cleanliness,none,none,none,curious,gets caught,none,none,nervous,to find out what is going on
on his legs he has three red shoes.,cleanliness,none,none,none,clumsy,none,none,none,embarrassed,to wear the shoes
around him are different kinds of shoes.,cleanliness,none,none,none,unique,none,none,none,happy,to buy new shoes
