sentence,principle,oEffect,oReact,oWant,xAttr,xEffect,xIntent,xNeed,xReact,xWant
there are two boys.,friendliness,none,none,none,young,none,none,none,happy,to grow up
they are sitting on the floor.,friendliness,none,none,none,lazy,gets hurt,to rest,none,tired,to get up
the boys are playing some kind of card game.,friendliness,none,none,none,playful,wins,to be competitive,to have cards,happy,to win
the boy in the red shirt has his face in his palm.,friendliness,none,none,none,dirty,gets dirty,none,none,embarrassed,to wash his face
the boy in the green shirt is smiling.,friendliness,none,none,none,friendly,none,none,none,happy,to be a good friend
