sentence,principle,oEffect,oReact,oWant,xAttr,xEffect,xIntent,xNeed,xReact,xWant
there are two boys and two girls.,patience,none,none,none,young,none,none,none,happy,to have fun
they are standing in front of a table that has a sign labeled chess club on.,patience,none,none,none,curious,none,to play chess,to walk to the table,nervous,to play chess
the first boy is handing his pen to the second boy who has his hands on a.,patience,none,none,to get the pen back,helpful,none,to be helpful,to be a teacher,happy,to write a note
the first boy is looking to the girl who is writing something on a piece of paper.,patience,none,none,none,interested,gets a paper cut,to write,to be in school,happy,to read the paper
he is saying something to the girl.,patience,none,interested,to listen to personx,social,gets a kiss,to be heard,none,happy,to get her attention
there are different tables in the room.,patience,none,none,none,different,none,none,none,happy,to eat
each table has a flyer on it.,patience,none,none,none,curious,none,none,none,interested,to read the flyer
there are a lot of people in the room.,patience,none,none,none,loud,none,none,none,happy,to talk to people
