sentence,principle,oEffect,oReact,oWant,xAttr,xEffect,xIntent,xNeed,xReact,xWant
there is a boy and a man.,caution,none,none,none,young,none,none,none,happy,to grow up
they are in a park.,caution,none,none,none,relaxed,gets exercise,to have fun,to go to the park,happy,to go to the park
the man is riding a bike down the trail.,caution,none,none,none,athletic,gets exercise,to get exercise,to put on helmet,tired,to get to their destination
the boy is walking across the trail in front of the man on the bike.,caution,none,none,none,brave,gets exercise,to get exercise,to get on the bike,happy,to get to the other side
he is looking down at his phone.,caution,none,none,none,curious,none,to see if he has a text,none,curious,to read a text
the man is turning away from the boy.,caution,none,none,to cry,scared,none,to be alone,none,sad,to be alone
