sentence,principle,oEffect,oReact,oWant,xAttr,xEffect,xIntent,xNeed,xReact,xWant
there are two boys and one girl.,patience,none,none,none,young,none,none,none,happy,to have a baby
they are standing in line to the water fountain.,patience,none,none,none,patient,gets wet,to get something,to walk to the fountain,happy,to get a drink
the girl is leaning over to drink from the water fountain.,patience,none,none,none,thirsty,gets wet,to quench thirst,to be thirsty,satisfied,to get a drink
the first boy is looking back and smiling at the second boy.,patience,none,none,to smile back,curious,none,to be happy,none,happy,to say hello
the second boy is looking at the first.,patience,none,none,none,curious,gets a kiss,to be noticed,none,happy,to get to know the boy
