sentence,principle,oEffect,oReact,oWant,xAttr,xEffect,xIntent,xNeed,xReact,xWant
there is a boy standing in the doorway.,respect,none,none,none,young,none,none,none,curious,to get out of the room
there is a woman looking down at him.,respect,none,none,none,curious,none,none,none,happy,to flirt
the boy is saying something to the woman.,respect,none,none,to listen to personx,social,gets yelled at,to be heard,none,happy,to get her attention
there is a desk in the room and a shelf with books on it.,respect,none,none,none,studious,none,none,none,happy,to read
a man is passing by the open door.,respect,none,none,none,curious,none,none,none,indifferent,to walk through the door
there are books on the desk.,respect,none,none,none,studious,none,none,none,smart,to read
there is a desk by the door.,respect,none,none,none,busy,none,none,none,happy,to get a new job
there are alphabets on top of the wall.,respect,none,none,none,reckless,gets arrested,none,none,happy,to win
there are posters on the wall.,respect,none,none,none,interested,none,none,none,interested,to sell them
