sentence,principle,oEffect,oReact,oWant,xAttr,xEffect,xIntent,xNeed,xReact,xWant
there are five stars.,friendliness,none,none,none,lucky,none,none,none,happy,to be the best
the first star has a picture of a bird in it.,friendliness,none,none,none,curious,none,none,to buy a camera,happy,to take the picture
the second star has a sun and clouds in it.,friendliness,none,none,none,lucky,gets burned,none,none,happy,to enjoy
the third star has a girl waving her hand.,friendliness,none,none,none,playful,gets yelled at,to be noticed,none,happy,to dance
the fourth star has two boys standing side by side each other.,friendliness,none,none,none,friendly,none,none,none,happy,to be a good parent
the fifth star has a horse running with a black fence behind him.,friendliness,none,none,none,careless,gets sweaty,none,none,happy,to win the race
