sentence,principle,oEffect,oReact,oWant,xAttr,xEffect,xIntent,xNeed,xReact,xWant
there is a boy.,respect,none,none,none,young,none,none,none,happy,to grow up
he is standing on the porch and smiling.,respect,none,none,none,happy,none,none,none,happy,to say hello
in his hand is a birds nest with eggs inside.,respect,none,none,none,caring,none,none,none,happy,to make a nest
behind him is a wooden chair.,respect,none,none,none,mean,none,none,none,happy,to sit down
his other hand is held up against the support beam.,respect,none,none,none,weak,gets hurt,none,none,bad,to be safe
there are wooden blinds behind the boy.,respect,none,none,none,mean,none,none,none,happy,to make sure they do n't see anything
