sentence,principle,oEffect,oReact,oWant,xAttr,xEffect,xIntent,xNeed,xReact,xWant
there is a boy.,respect,none,none,none,young,none,none,none,happy,to grow up
he is leaning down on hands and knees on the sidewalk.,respect,none,none,none,curious,gets hurt,to be in pain,none,sad,to get up
there is a sandy mound between the crack in the sidewalk.,respect,none,none,none,adventurous,none,none,none,happy,to go to the beach
the boy is looking down at the mound.,respect,none,none,none,curious,none,to see the hill,none,curious,to look away
