sentence,principle,oEffect,oReact,oWant,xAttr,xEffect,xIntent,xNeed,xReact,xWant
there s a woman standing behind a desk.,attentiveness,none,none,none,sneaky,gets yelled at,none,none,nervous,to get a promotion
there is a bear holding out a book towards her.,attentiveness,none,none,none,helpful,gets caught,to be helpful,none,happy,to read the book
behind them the door is open.,attentiveness,none,none,none,rude,none,to let them in,to open the door,good,to leave
there is a big tree in the distance.,attentiveness,none,none,none,tall,none,none,none,happy,to get a tree
there s is a sign on the desk that says librarian.,attentiveness,none,none,none,curious,none,none,none,interested,to read
