sentence,principle,oEffect,oReact,oWant,xAttr,xEffect,xIntent,xNeed,xReact,xWant
there are clouds.,self-care,none,none,none,mysterious,none,none,none,sad,to be a tornado
one of the clouds has a face and is blowing wind across the sky.,self-care,none,none,none,playful,none,none,none,happy,to blow the wind
behind the cloud is a big bright sun.,self-care,none,none,none,bright,none,none,none,happy,to be seen
under the cloud are trees and birds are flying around.,self-care,none,none,none,curious,none,none,none,happy,to fly
