sentence,principle,oEffect,oReact,oWant,xAttr,xEffect,xIntent,xNeed,xReact,xWant
there is a man and a dog.,friendliness,none,none,none,caring,none,none,none,happy,to be a good pet owner
the man is holding a red hoola hoop.,friendliness,none,none,none,curious,none,to be a leader,none,happy,to get a ring
the dog is hanging on the hoola hoop after attempting to jump through it.,friendliness,none,none,none,daring,gets hurt,to be a good pet,none,happy,to jump down
the man s mouth is hanging open.,friendliness,none,none,none,shocked,none,none,none,shocked,to be quiet
there are in the park.,friendliness,none,none,none,active,gets exercise,to have fun,to go to the park,happy,to go home
there is a big tree.,friendliness,none,none,none,tall,none,none,none,proud,to grow a tree
there is a cloud in the sky.,friendliness,none,none,none,bright,none,none,none,happy,to be seen
