sentence,principle,oEffect,oReact,oWant,xAttr,xEffect,xIntent,xNeed,xReact,xWant
there is a boy he is turning away from a sink.,cleanliness,none,none,none,scared,none,to be alone,none,sad,to get out of the sink
beside the sink are shelves filled with clay pots and paint brushes.,cleanliness,none,none,none,determined,none,to make a mess,none,satisfied,to clean up
there boy has paint on his shirt.,cleanliness,none,none,none,dirty,gets dirty,none,to buy paint,dirty,to clean up
"at the top of the sink , there is a roll of paper towels.",cleanliness,none,none,none,lazy,none,none,none,satisfied,to clean up
