sentence,principle,oEffect,oReact,oWant,xAttr,xEffect,xIntent,xNeed,xReact,xWant
there is a boy and a man.,attentiveness,none,none,none,young,none,none,none,happy,to grow up
they are walking past a grey brick house with a running faucet on it.,attentiveness,none,none,none,curious,none,none,none,indifferent,to get a drink
the boy is pointing to the running faucet.,attentiveness,none,none,none,helpful,none,to be helpful,none,satisfied,to get the boy 's attention
they are both looking at it and frowning.,attentiveness,none,none,none,annoyed,none,none,none,annoyed,to get a better understanding
