sentence,principle,oEffect,oReact,oWant,xAttr,xEffect,xIntent,xNeed,xReact,xWant
there are two boys and a girl.,friendliness,none,none,none,young,none,none,none,happy,to have a baby
the first boy is holding a diagram in his hand.,friendliness,none,none,none,smart,none,to be a teacher,to be a teacher,smart,to draw
he is looking down at the diagram and smiling.,friendliness,none,none,none,smart,none,none,none,smart,to make a decision
the boy and the girl are also looking down at the diagram.,friendliness,none,none,none,curious,none,to be a good teacher,none,satisfied,to learn
the girl is frowning.,friendliness,none,none,none,annoyed,none,none,none,annoyed,to get away from the girl
there girl has her finger on her chin.,friendliness,none,none,none,curious,gets slapped,to be noticed,none,embarrassed,to ask her out
the diagram on the board is green.,friendliness,none,none,none,smart,none,to be a good teacher,none,smart,to make a mark
