sentence,principle,oEffect,oReact,oWant,xAttr,xEffect,xIntent,xNeed,xReact,xWant
there is a waiter.,courtesy,none,none,none,hardworking,gets paid,to serve food,none,proud,to serve food
he is wearing a black suit jacket and a black bow tie.,courtesy,none,none,none,stylish,looks good,to look good,to put on a tie,attractive,to look good
he looks surprised.,courtesy,none,none,none,surprised,none,none,none,surprised,to smile
in one hand he is holding a plate of lobster and in the other he has a.,courtesy,none,none,none,hungry,none,to eat,to have a plate,happy,to eat
