sentence,principle,oEffect,oReact,oWant,xAttr,xEffect,xIntent,xNeed,xReact,xWant
there s a squirrel and a porcupine.,self-care,none,none,none,playful,none,none,none,happy,to make a mess
they are standing next to a tree.,self-care,none,none,none,curious,gets sweaty,none,to walk to the tree,happy,to sit down
the squirrel is standing in front of the porcupine and saying something.,self-care,none,none,none,annoying,gets scolded,to be heard,none,silly,to get a drink
the squirrel is frowning.,self-care,none,none,none,annoyed,none,none,none,annoyed,to get a new pet
the porcupine is also frowning.,self-care,none,none,none,annoyed,none,none,none,annoyed,to get a drink
he is holding a empty jug in his hand and is dripping with water.,self-care,none,none,none,thirsty,none,none,to have a jug,drained,to drink
