sentence,principle,oEffect,oReact,oWant,xAttr,xEffect,xIntent,xNeed,xReact,xWant
there is a boy and a girl.,sensibleness,none,none,none,young,none,none,none,happy,to have a baby
they are standing in a classroom.,sensibleness,none,none,none,curious,gets tired,to learn,to be in class,bored,to teach
the boy has a paper in his hand and is saying something.,sensibleness,none,none,none,smart,none,to be heard,none,smart,to read the paper
the girl also has a sheet of paper in her hand.,sensibleness,none,none,none,smart,none,to read,none,happy,to read the paper
behind them a girl is putting a sheet of paper into a container.,sensibleness,none,none,none,careful,gets yelled at,to hide something,to get a paper,happy,to put the paper in the container
behind her a boy is walking up to her.,sensibleness,none,happy,to say hello,curious,gets sweaty,to be with her,to be walking,happy,to kiss the girl
