sentence,principle,oEffect,oReact,oWant,xAttr,xEffect,xIntent,xNeed,xReact,xWant
there are two boys.,cooperation,none,none,none,young,none,none,none,happy,to grow up
they are on a field.,cooperation,none,none,none,curious,none,none,none,interested,to explore
there is an orange cone by the first boy and a soccer ball rolling behind him.,cooperation,none,none,none,athletic,gets sweaty,none,to be playing soccer,happy,to win the game
the first boy is frowning and has his hand on his hip.,cooperation,none,none,none,mean,gets yelled at,to show off,none,nervous,to get away from the boy
the second boy is smiling and has his fist up in the air.,cooperation,none,none,none,playful,none,to show off,none,happy,to run
