sentence,principle,oEffect,oReact,oWant,xAttr,xEffect,xIntent,xNeed,xReact,xWant
there is a boy wearing a track uniform that has the number five on the front.,cooperation,none,none,none,young,none,to be a boy,to go to the track,proud,to go to the track
he has a blue ribbon in his hand with the number one on it.,cooperation,none,none,none,prepared,none,to be a good planner,to have a blue ribbon,happy,to show it off
behind him a boy and girl are walking side by side.,cooperation,none,happy,none,caring,gets exercise,to be a good friend,to be walking,happy,to have fun
behind them is a group of kids.,cooperation,none,none,none,social,none,none,none,happy,to be a leader
all of them are wearing track uniforms.,cooperation,none,none,none,uniform,gets caught,to be a uniform,none,proud,to go to the office
there are a set of benches in the back.,cooperation,none,none,none,patient,none,none,none,happy,to sit down
the kids behind the boy are smiling.,cooperation,none,happy,to be happy,playful,none,none,none,happy,to be a good parent
