sentence,principle,oEffect,oReact,oWant,xAttr,xEffect,xIntent,xNeed,xReact,xWant
there is a boy sitting in front of a piano.,politeness,none,none,none,musical,gets bored,to play a piano,none,happy,to play a song
he has a piano book open in front of him and is playing.,politeness,none,none,none,musical,gets tired,to entertain,to open the book,happy,to play
on the top of the piano is a statue.,politeness,none,none,none,talented,none,none,none,accomplished,to play piano
the statue is frowning and plugging in his ears with his fingers.,politeness,none,none,none,annoyed,none,none,none,annoyed,to get a headache
