sentence,principle,oEffect,oReact,oWant,xAttr,xEffect,xIntent,xNeed,xReact,xWant
there is a boy and a girl.,humility,none,none,none,young,none,none,none,happy,to have a baby
they are sitting on a set of blue stairs.,humility,none,none,none,curious,none,none,none,happy,to walk down the stairs
the girl is holding a glass of juice in her hand and is looking at the boy.,humility,none,none,none,curious,none,to be polite,to be near the boy,happy,to talk to him
the boy is holding his knee and looking down at it.,humility,none,none,none,scared,none,to be safe,none,sad,to get up
his glass of juice is standing beside him on the stair.,humility,none,none,none,thirsty,none,none,to walk to the stairs,happy,to get a drink
