sentence,principle,oEffect,oReact,oWant,xAttr,xEffect,xIntent,xNeed,xReact,xWant
"there are two families , they are taking pictures at a geyser.",respect,none,none,none,curious,gets a picture taken,to have fun,to buy a camera,happy,to take pictures
"the family in front are taking a picture of their son , he has a ice cream.",respect,none,happy,none,generous,gets dirty,to have fun,to buy a cone,happy,to take pictures
the family behind him are also behind a wooden post.,respect,none,none,none,sneaky,none,none,none,happy,to get out of the box
the ice cream color is pink.,respect,none,none,none,childish,gets dirty,none,none,happy,to eat it
the family standing next to the geyser has their hands on their hips.,respect,none,none,none,active,gets sweaty,to show off,none,happy,to dance
there is a wooden sign next the geyser.,respect,none,none,none,curious,none,none,none,satisfied,to get out of the rain
the family in the back is in the boys view.,respect,none,none,none,curious,none,none,none,happy,to be alone
