sentence,principle,oEffect,oReact,oWant,xAttr,xEffect,xIntent,xNeed,xReact,xWant
the two boys in the front are smiling.,enthusiasm,none,none,to smile,happy,none,none,none,happy,to have fun
the two boys are on a rollercoaster.,enthusiasm,none,none,none,adventurous,gets dizzy,to have fun,to buy tickets,happy,to have fun
the man behind the boy in the blue is smiling.,enthusiasm,none,none,to smile back,friendly,none,none,none,happy,to say hello
the grass is green.,enthusiasm,none,none,none,healthy,none,none,none,happy,to plant flowers
"there are two boys , a mom and a dad.",enthusiasm,none,none,none,responsible,none,none,none,happy,to raise them well
they are in a rollercoaster.,enthusiasm,none,none,none,adventurous,gets dizzy,to have fun,to buy tickets,excited,to have fun
the two boys are seated in front of the two parents.,enthusiasm,none,none,to talk to personx,nervous,none,to be seated,to be seated,happy,to talk to the parents
the two boys are smiling and their eyes are closed.,enthusiasm,none,none,none,playful,none,to be playful,none,happy,to be happy
the parents are looking at each other and smiling.,enthusiasm,none,none,to smile,friendly,none,none,none,happy,to say something funny
