sentence,principle,oEffect,oReact,oWant,xAttr,xEffect,xIntent,xNeed,xReact,xWant
the boy in the green shirt is standing up.,friendliness,none,none,none,curious,gets dirty,to be noticed,none,happy,to go home
there is an hamster cage on the desk.,friendliness,none,none,none,lazy,none,none,none,bored,to get out of trouble
there are books also on the desk.,friendliness,none,none,none,studious,none,none,none,interested,to read
there s also a boy in a white shirt pulling a jacket out the closet.,friendliness,none,none,none,curious,gets caught,to hide his body,to be wearing a white shirt,happy,to hide
there are two boys.,friendliness,none,none,none,young,none,none,none,happy,to grow up
the first boy has his back to the second.,friendliness,none,none,none,strong,none,none,none,nervous,to be a good son
he is hanging up his coat into his closet.,friendliness,none,none,none,neat,gets dirty,to be dry,to have a closet,happy,to go to bed
the second boy is standing in front of a glass tank.,friendliness,none,none,none,curious,gets yelled at,none,none,happy,to get a drink
he s has removed the lid and is reaching down inside.,friendliness,none,none,none,careful,none,to eat,none,satisfied,to clean up
