sentence,principle,oEffect,oReact,oWant,xAttr,xEffect,xIntent,xNeed,xReact,xWant
the boy is being grabbed by his younger brother.,attentiveness,none,scared,to get away,scared,gets scared,none,none,scared,to run away
the younger brother is frowning.,attentiveness,none,none,none,annoyed,none,none,none,annoyed,to get a new brother
the brothers are at a store.,attentiveness,none,none,none,curious,none,to buy something,to drive to the store,happy,to buy something
the older brother in the green shirt is looking at his younger brother.,attentiveness,none,none,to talk to personx,curious,none,to be a matchmaker,none,happy,to talk to their brother
on the store windows there are signs that read sale and 50 off.,attentiveness,none,none,none,curious,none,to sell something,none,happy,to sell something
the older brother is looking down at the younger brother.,attentiveness,none,none,to cry,curious,none,to be alone,none,happy,to talk to the older brother
the younger brother is frowning and crying.,attentiveness,none,none,none,sad,none,none,none,sad,to cry
