sentence,principle,oEffect,oReact,oWant,xAttr,xEffect,xIntent,xNeed,xReact,xWant
the police officer is smiling at the boys.,humility,none,none,to run away,amused,none,to be nice,none,happy,to tell them to stop
the boy in the red shirt is next to his little brother.,humility,none,happy,to talk to personx,friendly,gets a kiss,none,to walk to the little boy,happy,to talk to their brother
the little brother is frowning.,humility,none,none,none,annoyed,none,none,none,annoyed,to get a drink
there are inside the park.,humility,none,none,none,active,gets exercise,to play,to go outside,happy,to go home
the older brother is gesturing to the police officer.,humility,none,annoyed,to arrest personx,scared,gets arrested,to be in control,to be in trouble,nervous,to get their attention
the police officer has his hands behind his back.,humility,none,none,none,protective,gets arrested,to protect himself,to be in a car,nervous,to run away
