sentence,principle,oEffect,oReact,oWant,xAttr,xEffect,xIntent,xNeed,xReact,xWant
there boy is in green pjs.,caution,none,none,none,young,gets dirty,none,to put on the clothes,happy,to go to the bathroom
the boy is frowning.,caution,none,none,none,annoyed,none,none,none,annoyed,to get away from the boy
the boy is in bed.,caution,none,none,none,tired,none,none,none,sleepy,to sleep
the blanket is blue.,caution,none,none,none,tired,none,none,none,tired,to sleep
the sheets are white.,caution,none,none,none,white,none,none,none,happy,to clean up
there s a lamp on the table.,caution,none,none,none,attentive,none,none,none,happy,to read
the boy is dressed in green pajamas.,caution,none,none,none,warm,gets scolded,to be warm,to put on the pajamas,happy,to go to bed
he is pulling back the blanket.,caution,none,none,none,tired,gets tired,to be warm,to be tired,tired,to sleep
he is getting out of bed.,caution,none,none,none,tired,yawns,to get up,to get up,tired,to get dressed
