sentence,principle,oEffect,oReact,oWant,xAttr,xEffect,xIntent,xNeed,xReact,xWant
the boys are riding bikes in a field.,friendliness,none,none,none,athletic,gets hurt,to have fun,to get on the bike,tired,to have fun
there are trees and a fence.,friendliness,none,none,none,strong,none,none,none,safe,to keep things safe
there boy in the front has a blue bike.,friendliness,none,none,none,athletic,gets exercise,none,to buy a bike,happy,to ride the bike
the boy in the front has a red helmet.,friendliness,none,none,none,protective,gets hurt,to protect himself,to buy a helmet,safe,to get the helmet back
the second boy also has a blue bike.,friendliness,none,none,none,young,none,none,none,happy,to ride the bike
the second boy is wearing a green and grey helmet.,friendliness,none,none,none,stylish,gets hurt,to be safe,to put on the helmet,safe,to ride the bike
they are riding one behind the other.,friendliness,none,none,none,careless,none,none,none,happy,to get to the destination
the third boy is turning into the fence.,friendliness,none,none,none,young,gets caught,none,none,scared,to run away
