sentence,principle,oEffect,oReact,oWant,xAttr,xEffect,xIntent,xNeed,xReact,xWant
the boy in red is standing behind.,sharing,none,none,none,sneaky,none,none,none,happy,to get to the other side
a table.,sharing,none,none,none,hungry,none,to eat,to buy a table,satisfied,to eat
there is popcorn on the table.,sharing,none,none,none,hungry,none,none,to buy popcorn,hungry,to eat popcorn
the sky is blue.,sharing,none,none,none,calm,none,none,none,happy,to go to the beach
the boy in the purple shirt is looking at the popcorn.,sharing,none,none,none,curious,gets hungry,to eat,none,happy,to eat the popcorn
there are also sodas on the table.,sharing,none,none,none,thirsty,none,to have fun,to buy soda,satisfied,to drink
the boy in the red shirt is frowning at the boy in the purple chair.,sharing,none,none,to leave,annoyed,none,none,none,annoyed,to get away from the chair
there is another boy in a blue shirt looking at the boy in the purple shirt.,sharing,none,none,none,curious,none,none,none,interested,to ask the boy out
