sentence,principle,oEffect,oReact,oWant,xAttr,xEffect,xIntent,xNeed,xReact,xWant
there is a women sitting at a table in front of a computer.,respect,none,none,none,curious,gets yelled at,to be entertained,to walk to the table,happy,to get up
"there is a boy standing next to her , he is swinging his arms and knocks over.",respect,none,none,none,playful,gets yelled at,none,none,happy,to get up
the woman is looking at the boy and the woman is frowning.,respect,none,none,none,curious,none,none,none,happy,to say hello
the boy is frowning.,respect,none,none,none,annoyed,none,none,none,annoyed,to get away from the boy
the boy is looking up.,respect,none,none,none,curious,none,to be informed,none,curious,to get a better look
the boy has his hand in the air.,respect,none,none,none,playful,gets caught,to play,none,happy,to play
