sentence,principle,oEffect,oReact,oWant,xAttr,xEffect,xIntent,xNeed,xReact,xWant
the two friends are having lemonade.,respect,none,none,none,friendly,gets thirsty,to have fun,to buy lemonade,satisfied,to drink the lemonade
there is a computer on the desk.,respect,none,none,none,smart,none,none,none,happy,to play games
the chair is blue.,respect,none,none,none,hurt,gets hurt,none,none,hurt,to sit down
the table is yellow.,respect,none,none,none,dirty,none,none,none,dirty,to clean up
the two boys are smiling.,respect,none,none,none,happy,none,none,none,happy,to have fun
the first boy is standing beside the table with a computer on it.,respect,none,none,none,curious,gets yelled at,to play a game,to walk to the table,happy,to play with the computer
there s also an extension cord on it.,respect,none,none,none,responsible,none,none,none,happy,to get paid
the second boy is standing by the yellow table.,respect,none,none,none,curious,gets yelled at,to be polite,to walk to the yellow table,happy,to eat
there are coasters on the yellow table.,respect,none,none,none,careless,none,none,none,happy,to have fun
