sentence,principle,oEffect,oReact,oWant,xAttr,xEffect,xIntent,xNeed,xReact,xWant
there are two friends standing on a board walk.,friendliness,none,none,none,social,none,none,none,happy,to have fun
they are both soaked.,friendliness,none,none,none,cold,gets cold,none,none,cold,to dry off
the first boy is pointing to something ahead.,friendliness,none,none,none,curious,none,to be noticed,none,curious,to get it
he is looking back.,friendliness,none,none,none,curious,none,to be cautious,none,curious,to look at the picture
there are three other kids splashing in the water.,friendliness,none,none,none,playful,gets wet,none,to be playing,happy,to have fun
on the bank his mother is sitting in a pool chair.,friendliness,none,none,none,relaxed,gets wet,to have fun,to go to the pool,happy,to swim
his father is standing with his hand on his hip.,friendliness,none,none,to get away,caring,none,to be close to his father,none,happy,to get up
they are both smiling.,friendliness,none,none,none,happy,none,none,none,happy,to smile
