sentence,principle,oEffect,oReact,oWant,xAttr,xEffect,xIntent,xNeed,xReact,xWant
there are two boys they are standing in the kitchen.,respect,none,none,none,young,none,none,none,hungry,to eat
there is a stack of letters on the table in front of them.,respect,none,none,none,curious,none,none,none,happy,to read the letters
"one boy is holding one of the letters , the letter is torn open.",respect,none,none,none,curious,none,none,none,nervous,to read the letter
both boys are frowning.,respect,none,none,none,annoyed,none,none,none,annoyed,to be left alone
the boy is opening the letter.,respect,none,none,none,curious,none,to read the letter,to get a letter opener,curious,to read the letter
there is sugar jar on the countertop behind them.,respect,none,none,none,careless,none,none,none,hungry,to eat
there are bananas on the countertop behind them.,respect,none,none,none,crazy,gets yelled at,none,none,crazy,to get away from the counter
the boy with the glasses has his hand on the countertop.,respect,none,none,none,curious,none,to be helpful,none,happy,to get a glass
