sentence,principle,oEffect,oReact,oWant,xAttr,xEffect,xIntent,xNeed,xReact,xWant
the boy is in the bathroom.,cleanliness,none,none,none,scared,none,to be alone,to go to the bathroom,relieved,to wash his hands
the boy is reaching for his toothbrush.,cleanliness,none,none,none,curious,none,to clean his teeth,none,satisfied,to brush his teeth
the boy is smiling.,cleanliness,none,none,none,friendly,none,none,none,happy,to smile
the toothpaste is on the counter.,cleanliness,none,none,none,clean,none,none,to get toothpaste,clean,to clean up
floss is on the countertop.,cleanliness,none,none,none,determined,none,to be in control,none,satisfied,to get a drink
the boy is in the bathroom.,cleanliness,none,none,none,scared,none,to be alone,to go to the bathroom,relieved,to wash his hands
the boy is reaching for a toothbrush.,cleanliness,none,none,none,curious,none,to brush his teeth,none,satisfied,to brush their teeth
there is toothpaste on the sink.,cleanliness,none,none,none,clean,none,none,none,clean,to clean up
the boy is smiling.,cleanliness,none,none,none,friendly,none,none,none,happy,to smile
