sentence,principle,oEffect,oReact,oWant,xAttr,xEffect,xIntent,xNeed,xReact,xWant
there is a woman sitting at a desk.,patience,none,none,none,bored,gets yelled at,none,none,nervous,to get a job
"on her desk is a big red apple , a pencil and a yellow notebook that says.",patience,none,none,none,dumb,""" get a pencil and paper",to be a big apple,none,proud,to write
a boy and a girl are sitting at a desk in front of her.,patience,none,none,none,engaged,gets yelled at,to be in charge,none,happy,to talk to the girl
the girl has her hand raised and is frowning.,patience,none,none,to get away from personx,mean,none,none,none,angry,to be a good child
the boy is smiling and gesturing with his hands.,patience,none,none,none,playful,none,to show his love,none,happy,to make a joke
the girl has a book on her desk.,patience,none,none,none,studious,none,to read,to go to the library,smart,to read
the girl has a sheet of paper on her desk.,patience,none,none,none,careless,gets caught,none,to have a paper,nervous,to read the paper
the girl is looking at the boy.,patience,none,none,to smile,curious,gets a kiss,to be noticed,none,happy,to flirt
the girl s bookbag is sitting on top of her books.,patience,none,none,none,studious,none,to read,none,happy,to read
